PLAYERS,Year_to_Model,Avg_Score,Predicted_Avg_Score,Weighted_Avg_Past_Score_Z,Average Driving Distance,Ball Speed,Driving Accuracy,Distance From Edge of Fairway,Rough Tendency,GIR,Fairway Proximity,Approaches from > 200,Going for Green,GIR from Other than Fairway,Proximity from Sand (Short),Proximity from Rough (Short),Proximity from 30+,Proximity ATG,3-Putt Avoidance,Putting 5-15ft
K.H. Lee,2022,65.5,67.9,2.4004,0.0168,0.0423,0.6968,0.6236,0.5133,0.9418,0.138,-1.2455,0.1592,0.0515,0.5886,0.8165,1.3793,1.6453,0.9357,0.6923
Jordan Spieth,2022,65.75,67.56,1.3993,0.5324,0.6905,-0.7747,0.5578,-0.5202,0.3635,0.4484,-0.1591,1.6971,0.8723,0.7618,0.6364,1.1709,0.8867,0.2893,1.0742
Hideki Matsuyama,2022,66.0,68.31,0.5412,-0.3124,-0.1443,0.278,1.0759,0.1971,-0.208,0.2227,-0.612,0.7425,-0.4172,0.2822,-0.4063,0.7592,0.7919,0.2498,0.2692
Ryan Palmer,2022,66.25,68.44,0.3982,0.4007,-0.2671,-0.1559,0.9505,0.8272,-0.3264,-0.2738,0.5605,0.7352,-0.8478,1.1082,-1.1078,0.3972,-1.5785,-1.0429,-0.8621
Xander Schauffele,2022,66.25,67.51,-0.1,0.3568,0.9376,-0.1559,0.3008,0.1806,1.324,0.8715,0.1937,1.1485,-0.0508,1.1615,0.5131,1.1709,1.4872,0.5663,1.05
Justin Thomas,2022,66.25,67.74,-0.1,0.9163,0.5366,-0.1842,0.8723,0.7564,0.049,-0.0481,-0.7426,2.0079,0.5059,1.2281,0.7596,0.2731,1.0922,-2.1641,1.1612
James Hahn,2022,66.75,69.41,0.2552,-0.2027,-0.3489,0.7025,-0.647,0.2443,-0.066,-1.0411,-1.0705,-0.3637,0.6249,-0.2507,0.4657,-0.7338,-0.5197,-0.2251,-0.6349
Peter Malnati,2022,66.75,69.44,-0.1,-0.5318,-0.3637,-1.65,-0.721,-1.4736,-2.0917,-1.3853,-2.0402,-0.6106,-0.981,-0.0375,0.7406,1.0172,0.6181,0.7642,1.1201
Davis Riley,2022,66.75,68.91,-0.1,0.2252,0.3565,-0.2351,-0.5668,0.7021,0.8336,1.1762,0.9912,-0.6243,0.6154,0.4421,1.6791,0.0946,0.0018,-1.1088,-0.5092
Christiaan Bezuidenhout,2022,67.0,68.88,-0.1,-1.2229,-0.9366,0.8439,0.5249,0.9546,-0.3331,1.2664,-0.9843,-0.8785,-1.8161,-0.204,0.6364,-0.3072,0.5233,1.5292,0.2184
Matt Kuchar,2022,67.0,67.96,1.1133,-0.4659,-1.1232,0.6327,1.376,1.2401,0.4887,-1.3401,-2.2597,-0.0931,1.46,1.4213,0.8449,0.7989,1.503,0.6719,1.2168
Alex Noren,2022,67.0,68.1,0.9702,0.2471,0.1568,-0.8407,0.3419,-0.3032,-0.6713,-0.4713,-0.8788,0.3339,-0.8859,1.0749,0.7122,1.7562,0.9499,1.3973,1.0887
Brice Garnett,2022,67.25,69.11,0.3982,-1.168,-1.277,0.5063,0.0746,0.0815,0.7152,0.3524,-0.6454,-0.7999,-0.2792,-0.2107,0.5037,-0.0393,-0.2669,0.2366,-0.2554
Scottie Scheffler,2022,67.25,66.83,0.3982,1.0918,0.8181,1.2175,0.7264,1.0018,2.8391,0.6853,-0.9149,1.7876,1.5908,-1.6362,1.7928,0.5509,1.187,2.0964,-0.1393
Tom Hoge,2022,67.5,68.48,-0.8889,-0.444,-0.3866,1.0194,1.4583,1.1033,1.4085,2.2651,1.5302,0.0449,0.8176,-0.3439,-1.0225,0.4468,0.3811,0.5004,0.4263
Beau Hossler,2022,67.5,68.5,-0.8889,0.7298,0.165,-0.3804,-0.4332,0.2066,0.1133,-1.8987,0.1243,0.5505,1.0389,0.1557,0.4468,0.1789,0.6023,0.9093,0.4626
Tom Kim,2022,67.5,67.86,-0.1,-0.0929,-0.8073,2.0985,1.5302,1.7239,1.5742,1.2947,0.5744,1.036,0.544,-0.0042,1.4705,0.5757,1.8033,0.3949,-0.1345
Nate Lashley,2022,67.5,68.73,-1.461,-0.4111,-0.9497,0.3327,0.4159,0.7823,0.7119,1.1536,0.3382,-0.3482,0.4845,0.0091,-1.7998,0.2831,-0.4881,1.7403,-0.9298
Francesco Molinari,2022,67.5,68.88,-0.1,-0.9047,-0.9857,0.5666,1.3822,1.2165,-0.9622,-1.515,-0.8454,0.1766,-1.9017,-0.8835,-0.1125,-0.8528,-1.136,-0.9242,0.0613
Seamus Power,2022,67.5,68.15,1.3993,0.0387,0.6397,0.012,0.934,0.1405,0.0828,-1.3063,-1.7957,0.2241,1.5599,0.2023,-0.4727,0.913,-0.1562,1.2918,0.6705
David Lipsky,2022,67.75,69.14,-0.1,-0.8499,-1.3933,1.0024,1.0409,0.4095,0.0896,-0.4826,-0.8232,-0.2668,-1.0952,-0.3839,1.2525,0.8932,0.6655,-1.2012,-0.809
Rory Sabbatini,2022,67.75,69.95,0.8272,-1.8372,-1.2361,-0.9878,-0.7272,-0.3763,-2.2067,-1.7689,-0.4092,-1.4124,-2.1849,0.6819,1.4516,-0.585,0.8235,-1.0429,0.1991
Austin Smotherman,2022,67.75,69.56,-0.1,0.1155,-0.128,0.1799,-0.7313,0.4921,-1.0298,1.447,1.5246,-0.1123,-1.0572,-0.1308,0.6174,-1.205,0.065,-0.6076,0.6947
Scott Stallings,2022,67.75,68.8,1.8283,-0.0052,0.2682,-0.4445,-0.2728,-0.348,-0.3331,-0.1384,0.4966,0.3476,-0.8264,1.8876,-1.2215,-1.8895,-0.9306,-0.3834,0.6657
Michael Thompson,2022,67.75,68.93,-0.1,-0.9925,-1.4358,0.9307,0.897,0.7493,-0.5158,-0.4995,0.6578,0.2214,-0.4885,-0.0442,1.2335,-0.7437,0.2862,0.5004,-0.062
Mark Hubbard,2022,68.0,68.21,0.6842,-0.9925,-0.4652,0.6232,0.7963,0.5275,0.3635,0.2396,0.1715,0.4445,-0.441,0.4554,0.0013,1.0817,0.2072,1.0016,-0.0402
Maverick McNealy,2022,68.0,68.68,-0.1,0.3239,0.7265,-0.735,-1.3543,0.2113,-0.6375,-0.7647,0.2465,0.0212,-0.7812,0.3089,-1.8756,-1.5026,-0.2352,2.5053,3.2015
Taylor Moore,2022,68.0,68.77,-0.1,0.4775,0.5448,-0.2087,0.344,0.0414,-0.1438,-0.1046,0.5522,0.4728,0.3727,-0.5504,0.0487,-0.8875,-0.4091,0.1047,2.0291
Trey Mullinax,2022,68.0,69.22,-0.1,1.399,1.5924,-2.3536,-2.0944,-2.1438,-1.0366,0.1775,0.5355,0.8925,-0.5956,0.0025,0.2951,-0.704,-0.4565,-0.9242,-0.8791
Patrick Rodgers,2022,68.0,68.8,0.3982,0.9382,0.7854,-0.9746,0.0972,-1.7945,0.0727,-0.5503,-0.8149,0.3009,0.0801,0.7752,-0.8898,-0.833,0.065,0.7774,0.801
Adam Scott,2022,68.0,68.0,-0.1,1.0809,1.3321,-0.8143,1.0759,-0.9072,-0.4008,0.8151,1.6275,1.9421,0.0563,1.2281,-1.5723,-0.1435,0.1124,0.8565,1.0597
Cameron Champ,2022,68.25,68.66,0.2552,1.9146,2.856,-0.2729,-0.4024,0.905,-0.2114,-1.4022,-1.415,0.6557,-1.2094,-2.6487,-1.1078,-1.9738,-3.696,-1.2803,-0.2046
Stephan Jaeger,2022,68.25,68.04,-0.1,0.6091,0.4498,-0.818,-0.2564,-0.9568,1.4998,0.4258,0.7911,1.218,1.3815,1.015,0.4752,0.6303,0.7287,-0.1723,-0.4439
J.J. Spaun,2022,68.25,68.07,0.3982,-0.1149,-0.4422,0.6534,1.1931,0.4001,1.2327,0.3807,-0.8093,0.4929,0.6415,0.5287,-0.0461,0.4021,0.3653,0.474,0.1411
Emiliano Grillo,2022,68.5,68.53,-0.1,0.4007,-0.3358,0.5251,0.0417,0.3198,0.9418,0.454,-0.5759,0.4088,0.3013,-0.0375,-0.0935,0.66,-0.3933,0.2234,-0.5237
Justin Lower,2022,68.5,69.66,-0.1,-0.6634,-0.8564,0.1044,0.2329,0.334,-0.5259,0.5161,-0.0146,-0.9178,0.0801,-1.7494,-0.122,-1.8299,-1.7207,0.3817,1.6447
Andrew Novak,2022,68.5,68.8,-0.1,-0.3453,-0.493,-0.3106,-0.3263,0.5133,0.0017,0.3186,0.7828,-0.3528,0.2894,-0.0175,0.9302,0.665,0.4601,0.6323,0.0299
Aaron Rai,2022,68.5,68.69,-0.1,-0.6963,-0.1443,1.5985,1.4028,1.0065,1.2022,-0.0199,0.3855,0.4088,0.3989,-2.2357,0.0297,-0.2129,-0.7409,-0.4625,-1.3964
Callum Tarren,2022,68.5,69.01,-0.1,0.9602,1.8134,-1.8915,-1.8744,-1.2801,-0.2283,0.3299,0.027,0.2689,0.061,-1.1566,-0.34,-1.329,-1.7839,0.2893,0.2281
Joseph Bramlett,2022,68.75,68.45,1.5423,1.388,1.8052,-1.4161,-0.8917,-1.4217,1.1819,1.0577,1.1857,0.7279,1.3957,-0.1441,0.2762,0.4517,-0.0614,-0.7791,-0.5551
Jason Day,2022,68.75,67.75,0.2552,0.5214,0.1847,0.693,-0.0302,1.0844,1.1143,-0.4374,-0.0758,1.1604,0.4917,0.0025,1.3947,0.4269,0.8709,0.6719,1.432
Aaron Wise,2022,68.75,68.34,0.2552,0.3349,-0.0036,0.2271,-0.3283,0.695,-0.6612,-2.1808,-0.4731,0.6932,-1.7328,-1.1499,0.788,0.6204,0.2388,1.5952,1.2386
Brandon Wu,2022,68.75,68.96,-0.1,-0.455,-0.3899,0.5534,0.5557,-0.2442,0.536,-0.0594,-0.0508,0.0422,-0.1055,-0.4771,-0.5959,-0.704,-0.3617,0.5532,-0.4633
Tyler Duncan,2022,69.0,69.48,-1.461,-0.2356,-0.6796,1.1496,0.9299,0.6785,0.6138,-0.0143,0.4383,0.1473,0.0063,-0.9368,-1.468,-1.0562,-1.5627,-1.9003,-0.5382
Tommy Fleetwood,2022,69.0,67.9,-0.1,0.1703,0.296,0.2157,-0.0241,1.1103,-1.023,-0.6688,-0.3953,1.4868,-1.4378,1.4013,0.9018,0.8832,1.3134,0.3157,1.05
Matthias Schwab,2022,69.0,68.94,-0.1,-0.7292,-0.2638,0.4176,-0.3119,0.2679,-0.7762,-1.7802,-2.2625,-0.0282,-0.7693,0.6619,-0.34,0.4368,0.8551,0.1179,-1.5487
Bill Haas,2022,69.25,69.76,-0.6029,-0.2136,-0.6338,-0.2295,-0.2523,0.2372,-0.5428,-2.7901,-1.8485,-1.502,1.2601,1.6211,0.5321,0.8039,1.4714,-1.8343,0.2765
Dylan Frittelli,2022,69.5,69.9,-0.1,0.7408,0.5906,-2.3084,-2.0615,-1.8417,-2.3048,-0.6744,-0.6843,-0.6197,-1.6377,-0.0975,0.2667,0.4716,-0.1246,-0.0668,-0.4367
Chesson Hadley,2022,69.5,68.96,-0.6029,-0.1807,-0.1836,-0.7275,-0.5956,-0.1899,-0.0119,0.1324,-0.6176,0.0495,-0.2411,0.3955,-2.0841,-0.1683,-1.4995,-0.0668,-0.6615
Adam Svensson,2022,69.5,68.67,-0.1,-0.9377,-0.29,0.4874,0.9607,0.0933,0.1572,0.5612,1.3941,0.6548,-0.2459,0.1423,-0.0272,0.2136,1.0132,-0.291,1.3619
Michael Gligic,2022,69.75,69.66,0.3982,0.5543,0.5006,-0.7728,-1.5085,-0.9497,-0.7829,-0.4995,0.4549,-0.0227,0.1895,-0.5704,-0.1788,-0.0344,-1.1834,-0.5153,-2.2231
Sepp Straka,2022,69.75,68.42,0.8272,-0.2904,-0.4979,0.7308,0.3028,0.9121,0.6375,0.3129,-0.5842,0.1711,-0.2673,-0.7902,0.0392,0.422,0.0018,0.5532,1.7293
Keith Mitchell,2022,70.0,67.92,0.8272,1.4429,0.7265,1.0835,0.0726,1.4761,0.2587,0.0534,-0.8899,1.3432,-1.1928,-0.0975,-0.5485,-0.4213,0.0966,0.474,0.772
Martin Trainer,2022,70.0,69.99,-0.0308,0.7518,0.7068,-0.4823,-1.1507,-1.9243,-0.5462,-3.3487,-1.8624,-0.4981,0.5107,-1.7028,1.1293,1.1313,-0.5513,-0.6604,-0.3617
Adam Schenk,2022,70.25,68.94,0.6842,0.7298,1.3649,-0.8878,-0.1433,-1.1739,0.0524,-0.8775,0.0493,-0.0099,0.3132,0.9683,-0.4822,0.7791,0.7761,-0.7791,0.7503
Sahith Theegala,2022,70.25,68.07,-0.1,0.4775,0.3991,-0.7313,-0.4908,-0.4825,0.394,-0.5221,-0.4453,1.356,0.161,0.8085,-1.1552,-1.0958,-0.4407,0.8829,0.071
Patton Kizzire,2022,71.0,69.31,1.8283,0.3129,-0.1149,-0.62,-1.1733,-0.1804,-1.2632,0.5612,1.1801,-0.0821,-1.2189,-0.6304,0.1908,-1.5125,-0.7093,0.7774,0.0903
Max McGreevy,2022,71.0,70.14,-0.1,-1.3216,-1.1772,-0.4407,-0.4085,-1.273,-2.386,-2.1187,-2.0874,-0.8447,-2.0207,1.2947,0.1719,-0.4659,0.0334,-0.6076,-0.9733
Sam Burns,2022,70.0,67.96,1.9713,1.1138,1.0408,-0.1068,-0.7293,-0.466,-0.5563,-0.7929,-0.7565,1.8561,-1.2689,0.5753,0.5605,0.9626,1.0606,0.5268,1.1782
Wyndham Clark,2022,70.0,68.23,0.5412,1.5745,2.1309,-1.0256,-1.2186,-0.8435,0.9418,1.1649,0.83,0.77,1.2982,0.3555,0.5605,0.7444,0.9499,0.474,0.5134
Luke Donald,2022,70.0,70.29,1.2563,-1.8043,-1.336,-0.9029,-0.2255,-0.6264,-2.041,0.3073,-0.5842,-1.9692,-0.3244,0.2156,-0.7855,1.2156,1.5662,-0.7923,1.5384
Harry Higgs,2022,70.0,69.07,0.2552,0.3129,-0.2736,-1.4708,-0.978,-0.6146,0.1978,-0.5221,-0.8482,-1.3201,0.9794,0.6752,0.3899,-0.2526,-0.2036,1.2127,-1.1837
Satoshi Kodaira,2022,70.0,69.61,1.2563,-1.4862,-1.7861,2.0664,0.9936,2.5451,0.1539,1.131,1.3163,-1.5057,-1.0191,0.0891,0.3141,1.3148,-0.4565,-2.0981,-1.348
Luke List,2022,70.0,68.54,0.1122,1.3441,1.2339,-1.0746,-0.2214,-1.2305,0.9655,0.2791,0.4966,1.3441,2.1118,-0.5038,-1.0509,-0.6098,-0.9622,-0.9637,-2.3174
Scott Piercy,2022,70.0,69.65,-0.3169,-0.6085,-0.8744,-0.7407,-0.059,-0.9261,-0.6409,-0.1441,-0.5731,-0.777,0.1253,-0.0042,0.0392,0.9527,0.9499,-0.8187,0.1363
Andrew Putnam,2022,70.0,68.31,0.2552,-1.5081,-1.061,0.9477,1.1746,0.5534,1.1718,-0.9734,-0.9538,-0.5539,0.0753,1.0682,0.1245,0.4021,0.302,1.5688,1.038
Sam Ryder,2022,70.0,69.23,-0.8889,-0.5647,-0.4439,-0.9029,-0.2338,-0.676,-0.9216,0.8602,0.141,-0.7404,-0.9596,-1.5762,0.4468,0.3624,-0.2194,2.4394,2.2467
Brendon Todd,2022,70.0,69.22,-0.1,-1.8262,-2.1069,1.5344,1.0471,1.3062,-0.2182,0.3807,-0.1869,-1.3183,-1.2142,0.4687,0.4657,0.7642,1.2818,1.1995,1.7922
Ryan Brehm,2022,70.5,69.82,-0.0308,0.8615,1.4614,-2.1386,-1.2289,-2.3089,-1.855,-1.0524,-0.8927,0.2955,-0.4053,-0.8169,-1.4111,-0.7189,-1.8945,-1.0956,0.0202
Kramer Hickok,2022,70.5,69.22,-0.0308,-0.06,-0.4864,0.7062,0.3563,0.1192,0.1403,-0.1384,-0.9093,-0.1059,-0.8787,0.8884,-0.6623,-0.1435,0.7761,-1.5705,-0.4149
Mackenzie Hughes,2022,70.5,68.89,-0.1,0.0058,0.2812,-1.1369,-0.5771,-1.8417,-0.9182,-1.1822,-0.0869,0.7361,-1.6067,-0.6903,0.7691,-0.208,0.7603,1.1072,1.0355
Si Woo Kim,2022,70.5,67.86,0.2552,-0.3233,-0.8826,1.4438,1.4007,1.7758,0.5292,1.2269,0.1048,1.0735,-1.1119,1.2947,-0.321,0.4071,0.5865,0.0651,-0.1828
Hank Lebioda,2022,70.5,69.46,1.1133,-0.2904,-0.3162,-0.137,0.2884,0.7823,0.5901,0.1098,0.0493,-1.62,0.8057,-0.3839,-0.6812,-1.1901,0.0176,-1.5046,0.0734
S.Y. Noh,2022,70.5,69.84,-0.1,0.3568,0.3647,-0.8652,-1.4036,-0.4825,-0.022,0.0309,0.2715,-1.7013,0.0301,0.189,-2.4728,-0.2873,-1.6417,0.9752,0.3031
Henrik Norlander,2022,70.5,69.33,-0.1,-0.6744,-0.272,0.2176,0.2206,0.1499,0.5157,-1.0524,-2.3764,-1.1647,0.3584,-0.8835,0.0013,-0.5304,-0.2352,-0.8846,-1.9427
Robert Streb,2022,70.5,69.92,-0.1,-0.3891,0.1323,-1.3425,-0.4085,-1.2683,-1.3714,-0.4205,-0.1647,-1.0239,-0.1055,-1.9959,-0.0177,-0.6197,-0.8832,0.4081,-2.1095
Jason Dufner,2022,71.0,69.24,-0.1,-0.1588,-0.3031,-1.084,-0.1289,-0.5297,0.2824,0.4596,0.2549,-0.4853,1.5242,1.328,0.4373,0.04,0.9499,-2.1641,-1.7638
Lee Hodges,2022,71.0,68.58,-0.1,0.1045,0.0112,0.2403,0.9422,0.5157,-0.6849,-0.8324,-0.4925,0.6273,-1.1261,-1.1299,0.7027,-0.4461,-0.4565,0.2366,-0.0402
Charley Hoffman,2022,71.0,69.11,-0.1,0.7627,0.1847,-1.0086,-0.2934,-0.9261,0.3635,1.447,1.783,-0.3912,0.2942,0.7419,1.1577,0.4021,1.2028,-0.3042,-1.5124
Ryan Armour,2022,71.5,69.75,0.8272,-1.7275,-2.1298,1.8589,1.1787,1.6531,0.6307,1.6445,0.9828,-2.1548,0.3394,-0.2773,-2.4443,0.6104,-1.3572,1.1203,-1.377
Hayden Buckley,2022,71.5,68.31,-0.1,0.7408,0.1699,0.9402,1.2732,1.1103,1.6284,0.8038,0.2132,0.5204,1.7169,-0.9168,-1.032,-1.0066,-0.899,0.0783,-0.4778
Kevin Kisner,2022,71.5,69.86,-0.1,-1.903,-1.3654,-0.5087,0.2288,1.1953,-3.1164,-2.7168,-1.1844,-0.7596,-2.2943,-4.1008,0.3899,-2.2714,-1.6417,-0.1987,-0.7534
Kurt Kitayama,2022,71.5,68.87,-0.1,0.8615,1.5465,-0.7784,-1.4735,-0.1403,0.2147,1.6332,1.7497,0.3768,0.2014,1.0483,0.1434,0.8188,0.5707,-1.2144,0.4505
Kelly Kraft,2022,71.5,70.33,-2.033,-1.5739,-1.7943,0.9194,0.8086,-0.0105,-2.572,-1.6674,-1.6095,-0.7624,-1.4521,-0.5571,-0.3874,-0.5006,-1.0728,0.5663,1.4417
Cameron Percy,2022,71.5,69.11,-0.7459,-1.3106,-1.0053,0.727,-1.0993,0.7918,0.12,-0.9565,-0.6982,-0.3637,0.2062,1.0216,0.4468,1.5777,0.6497,-0.1855,1.6399
Chez Reavie,2022,71.5,69.19,-0.1,-1.2338,-1.7828,1.5702,1.9414,1.4714,0.5867,0.5894,0.6022,-0.5402,-0.0175,-1.1699,-0.3021,-0.1832,-1.057,-0.7923,-0.5358
Doc Redman,2022,71.5,69.73,1.3993,-0.6963,-0.3588,-0.303,0.1713,-0.3032,-0.3298,0.1437,-0.3231,-1.5121,-0.4314,-1.0633,0.3141,-1.0512,-1.4204,-0.4493,-0.5672
Kevin Tway,2022,71.5,69.29,0.2552,1.0479,1.4631,-1.865,-1.2844,-1.7308,-0.1776,-0.8888,1.3302,0.2241,0.161,-1.0034,-1.3163,-0.5602,-0.9464,-0.2515,-0.5986
Austin Cook,2022,72.0,70.53,-1.0319,-1.7494,-1.4669,1.1118,0.8723,0.5228,-0.9284,-0.0425,0.6355,-2.1987,-0.9382,0.5487,-0.5106,0.5757,0.4601,-1.0033,0.1459
Martin Laird,2022,72.0,69.34,0.1122,-0.6634,-0.475,0.0988,0.7551,-0.2182,-0.6984,-0.6349,-1.1844,-0.3784,-1.4402,0.7152,-0.6433,-1.2943,-0.172,-1.1748,-1.174
Nick Taylor,2022,72.0,68.69,-0.1,-0.6305,-0.5094,-0.0465,0.9135,-0.0766,-0.1505,0.6515,-0.248,-0.1617,0.4726,0.1024,0.6553,0.6253,0.7919,1.0676,0.378
Danny Willett,2022,72.0,69.28,-0.1,-0.7402,-0.7745,-0.1898,-0.1001,-0.1356,-0.8066,0.4258,1.3718,-0.702,0.2942,2.1807,1.0914,0.5608,1.8507,0.6719,1.3377
Jim Herman,2022,72.5,69.69,-0.1,-0.8609,-0.9349,0.7364,1.1026,0.9758,-0.0964,-0.3641,-0.1202,-0.7733,-0.9215,-2.3489,-0.558,-2.2367,-1.8629,-1.7684,-1.1788
Sung Kang,2022,72.5,69.24,0.3982,-0.6634,-0.2573,-1.3387,-1.0089,0.1712,-0.465,-0.1102,2.3693,-1.4225,-0.4838,0.5953,-2.5202,2.902,-1.0096,1.5424,-1.2683
Brian Stuard,2022,72.5,70.54,0.5412,-3.0439,-2.6045,0.5572,1.1005,-0.1262,-2.2879,-0.68,-1.3344,-2.8131,-1.276,-0.1574,0.2193,1.4685,0.1756,1.1599,-0.0354
Adam Hadwin,2022,73.0,68.36,-0.1,-0.5756,-0.5634,0.942,0.1486,1.0608,0.4413,-0.7929,-1.2205,0.2927,-0.0032,0.3821,0.1245,0.2335,-0.7883,1.0016,1.2531
Greyson Sigg,2022,73.0,68.71,-0.1,-0.6195,-0.9415,0.2422,0.3419,0.3883,0.3635,0.0421,-0.9149,-0.2577,-0.115,0.3089,0.0107,-0.2526,-0.1246,0.5795,-0.2868
Matt Wallace,2022,73.0,69.08,-0.1,0.4446,0.3402,-0.7067,-1.0623,-0.3574,-0.2486,-0.1328,0.2743,0.332,-0.6551,-0.657,1.3473,-0.6842,0.5391,-1.1748,0.4626
Richy Werenski,2022,73.5,69.59,-0.1,-0.082,-0.3244,-0.8463,-0.2564,-0.8223,-1.6994,-0.5841,0.9801,-0.041,-0.6979,0.0358,-0.9277,0.0549,-0.5671,0.4344,0.5714
Dylan Wu,2022,73.5,68.58,-0.1,-0.2027,-0.3097,0.5515,-0.2728,0.4685,1.3984,0.0365,0.3577,0.1309,1.6336,0.2889,0.5226,0.5658,0.1124,0.1838,0.1701
Jason Day,2023,65.25,67.74,0.3798,0.5214,0.1847,0.693,-0.0302,1.0844,1.1143,-0.4374,-0.0758,1.1604,0.4917,0.0025,1.3947,0.4269,0.8709,0.6719,1.432
Si Woo Kim,2023,65.5,67.88,-0.0909,-0.3233,-0.8826,1.4438,1.4007,1.7758,0.5292,1.2269,0.1048,1.0735,-1.1119,1.2947,-0.321,0.4071,0.5865,0.0651,-0.1828
Austin Eckroat,2023,65.5,69.41,-0.1,0.0716,-0.4602,0.5515,0.7346,-0.0766,-0.1066,0.3073,0.6189,0.2964,0.9508,-0.9301,-0.9656,-0.8131,-1.5785,-0.4889,-0.7002
Scottie Scheffler,2023,66.0,66.79,0.8512,1.0918,0.8181,1.2175,0.7264,1.0018,2.8391,0.6853,-0.9149,1.7876,1.5908,-1.6362,1.7928,0.5509,1.187,2.0964,-0.1393
Tyrrell Hatton,2023,66.0,67.83,-0.1,0.664,0.1929,0.9534,1.1314,1.7003,0.0152,-0.003,-0.7676,1.3158,0.6796,1.0083,-0.8519,-1.1901,0.7919,0.7114,0.4989
Zecheng Dou,2023,66.0,69.5,-0.1,0.5762,0.5644,-0.9237,-0.1659,-1.4925,-0.2655,0.6063,0.3354,0.0998,-0.9192,-1.2498,-1.8946,0.8138,-0.7409,-1.0033,-1.0169
Adam Scott,2023,66.25,67.96,0.4128,1.0809,1.3321,-0.8143,1.0759,-0.9072,-0.4008,0.8151,1.6275,1.9421,0.0563,1.2281,-1.5723,-0.1435,0.1124,0.8565,1.0597
Vincent Norrman,2023,66.25,69.32,-0.1,1.3222,1.5122,-0.6766,-1.5064,-0.7491,0.8201,0.3807,0.8106,0.3101,0.4155,-1.0767,-0.1788,-0.5602,-0.5197,-2.0981,-0.1804
Ryan Palmer,2023,66.25,68.38,1.1202,0.4007,-0.2671,-0.1559,0.9505,0.8272,-0.3264,-0.2738,0.5605,0.7352,-0.8478,1.1082,-1.1078,0.3972,-1.5785,-1.0429,-0.8621
Stephan Jaeger,2023,66.5,68.0,0.3455,0.6091,0.4498,-0.818,-0.2564,-0.9568,1.4998,0.4258,0.7911,1.218,1.3815,1.015,0.4752,0.6303,0.7287,-0.1723,-0.4439
Kevin Tway,2023,66.5,69.34,-0.3599,1.0479,1.4631,-1.865,-1.2844,-1.7308,-0.1776,-0.8888,1.3302,0.2241,0.161,-1.0034,-1.3163,-0.5602,-0.9464,-0.2515,-0.5986
Richy Werenski,2023,66.5,69.67,-1.0666,-0.082,-0.3244,-0.8463,-0.2564,-0.8223,-1.6994,-0.5841,0.9801,-0.041,-0.6979,0.0358,-0.9277,0.0549,-0.5671,0.4344,0.5714
Mackenzie Hughes,2023,66.75,68.9,-0.2596,0.0058,0.2812,-1.1369,-0.5771,-1.8417,-0.9182,-1.1822,-0.0869,0.7361,-1.6067,-0.6903,0.7691,-0.208,0.7603,1.1072,1.0355
Byeong Hun An,2023,66.75,68.78,-0.1,1.6513,1.0342,-1.6179,-1.5599,-1.0606,-0.9385,-0.2174,-0.6176,0.3713,0.023,1.4613,0.5795,0.6551,1.6137,0.4476,-0.311
Carson Young,2023,66.75,69.54,-0.1,-0.2575,-0.7942,0.7251,0.6647,-0.0129,0.4345,0.2847,0.3493,-1.1016,0.4798,-0.264,0.6364,1.1511,-0.2511,-0.0008,0.1483
Sung Kang,2023,66.75,69.32,-0.5609,-0.6634,-0.2573,-1.3387,-1.0089,0.1712,-0.465,-0.1102,2.3693,-1.4225,-0.4838,0.5953,-2.5202,2.902,-1.0096,1.5424,-1.2683
Seamus Power,2023,67.0,68.17,1.2595,0.0387,0.6397,0.012,0.934,0.1405,0.0828,-1.3063,-1.7957,0.2241,1.5599,0.2023,-0.4727,0.913,-0.1562,1.2918,0.6705
Doug Ghim,2023,67.0,68.99,-0.3389,-0.4111,-0.4488,0.8439,0.3316,0.5487,0.0422,-0.2907,0.2743,-0.0383,-0.6979,-0.2706,0.7122,0.8138,-0.0298,0.0123,-0.5962
Scott Piercy,2023,67.0,69.64,-0.2282,-0.6085,-0.8744,-0.7407,-0.059,-0.9261,-0.6409,-0.1441,-0.5731,-0.777,0.1253,-0.0042,0.0392,0.9527,0.9499,-0.8187,0.1363
Joseph Bramlett,2023,67.0,68.5,0.9912,1.388,1.8052,-1.4161,-0.8917,-1.4217,1.1819,1.0577,1.1857,0.7279,1.3957,-0.1441,0.2762,0.4517,-0.0614,-0.7791,-0.5551
Eric Cole,2023,67.25,68.97,-0.1,-0.1259,-0.0576,-1.0199,-0.3777,-1.0583,-0.7119,0.4653,0.516,-0.0328,1.1911,0.3422,0.57,0.2235,1.1396,1.7667,1.403
Trevor Cone,2023,67.25,69.84,-0.1,1.8707,1.5154,-1.3349,-2.1067,-2.4057,0.7457,-0.3472,0.9023,0.2461,1.0936,-0.7103,-0.558,-1.4927,-1.3414,-1.5573,-0.1297
Hideki Matsuyama,2023,67.25,68.25,1.2553,-0.3124,-0.1443,0.278,1.0759,0.1971,-0.208,0.2227,-0.612,0.7425,-0.4172,0.2822,-0.4063,0.7592,0.7919,0.2498,0.2692
Nate Lashley,2023,67.25,68.62,-0.0992,-0.4111,-0.9497,0.3327,0.4159,0.7823,0.7119,1.1536,0.3382,-0.3482,0.4845,0.0091,-1.7998,0.2831,-0.4881,1.7403,-0.9298
Brandon Wu,2023,67.25,68.93,0.2111,-0.455,-0.3899,0.5534,0.5557,-0.2442,0.536,-0.0594,-0.0508,0.0422,-0.1055,-0.4771,-0.5959,-0.704,-0.3617,0.5532,-0.4633
Christiaan Bezuidenhout,2023,67.25,68.82,0.6818,-1.2229,-0.9366,0.8439,0.5249,0.9546,-0.3331,1.2664,-0.9843,-0.8785,-1.8161,-0.204,0.6364,-0.3072,0.5233,1.5292,0.2184
Aaron Baddeley,2023,67.25,68.87,-0.0671,-1.8591,-0.8253,0.1837,0.2391,0.5298,-0.1268,-0.0933,-0.1313,-1.0815,-0.1412,0.0158,1.2051,-0.6842,1.0132,1.8458,-0.0958
Garrick Higgo,2023,67.5,68.57,-0.1,0.7079,1.0735,-0.7633,-0.1803,-0.3881,0.0389,-0.5672,0.0409,0.6475,-0.1721,0.0291,0.5416,1.0271,0.8867,-1.2012,-0.6325
Doc Redman,2023,67.5,69.83,0.1836,-0.6963,-0.3588,-0.303,0.1713,-0.3032,-0.3298,0.1437,-0.3231,-1.5121,-0.4314,-1.0633,0.3141,-1.0512,-1.4204,-0.4493,-0.5672
Patton Kizzire,2023,67.5,69.41,0.5218,0.3129,-0.1149,-0.62,-1.1733,-0.1804,-1.2632,0.5612,1.1801,-0.0821,-1.2189,-0.6304,0.1908,-1.5125,-0.7093,0.7774,0.0903
Adam Hadwin,2023,67.75,68.43,-0.9321,-0.5756,-0.5634,0.942,0.1486,1.0608,0.4413,-0.7929,-1.2205,0.2927,-0.0032,0.3821,0.1245,0.2335,-0.7883,1.0016,1.2531
Martin Laird,2023,67.75,69.4,-0.5623,-0.6634,-0.475,0.0988,0.7551,-0.2182,-0.6984,-0.6349,-1.1844,-0.3784,-1.4402,0.7152,-0.6433,-1.2943,-0.172,-1.1748,-1.174
Stewart Cink,2023,67.75,68.98,-0.1,1.1028,0.332,-1.3821,-0.8547,-1.5161,-0.022,0.1663,-1.0232,0.3741,-0.0936,-0.8102,-1.0888,0.7543,-1.1518,0.263,-1.0023
Augusto Núñez,2023,67.75,69.31,-0.1,1.1796,1.0277,-0.8294,-1.2638,-0.6241,0.8235,1.0182,2.4693,-0.0547,1.6955,0.542,0.57,-0.7784,0.5233,-1.3726,-0.3376
Luke List,2023,67.75,68.55,-0.0243,1.3441,1.2339,-1.0746,-0.2214,-1.2305,0.9655,0.2791,0.4966,1.3441,2.1118,-0.5038,-1.0509,-0.6098,-0.9622,-0.9637,-2.3174
Tom Kim,2023,67.75,67.8,0.5473,-0.0929,-0.8073,2.0985,1.5302,1.7239,1.5742,1.2947,0.5744,1.036,0.544,-0.0042,1.4705,0.5757,1.8033,0.3949,-0.1345
Henrik Norlander,2023,67.75,69.34,-0.2596,-0.6744,-0.272,0.2176,0.2206,0.1499,0.5157,-1.0524,-2.3764,-1.1647,0.3584,-0.8835,0.0013,-0.5304,-0.2352,-0.8846,-1.9427
Sam Stevens,2023,67.75,69.11,-0.1,1.037,0.7003,-0.6049,0.0253,-0.9096,0.8674,0.9448,0.7772,-0.3619,1.8763,0.4088,-1.0225,-1.2595,0.0966,0.5004,-0.4729
Jonathan Byrd,2023,68.0,69.44,0.0687,-1.4203,-0.8302,0.2969,-0.464,1.0089,0.0693,-2.2316,-1.29,-1.9354,1.3529,-0.1841,1.5084,0.0599,0.9974,0.1706,-0.6905
Satoshi Kodaira,2023,68.0,69.67,0.5191,-1.4862,-1.7861,2.0664,0.9936,2.5451,0.1539,1.131,1.3163,-1.5057,-1.0191,0.0891,0.3141,1.3148,-0.4565,-2.0981,-1.348
Matt Kuchar,2023,68.0,67.95,1.2581,-0.4659,-1.1232,0.6327,1.376,1.2401,0.4887,-1.3401,-2.2597,-0.0931,1.46,1.4213,0.8449,0.7989,1.503,0.6719,1.2168
Tom Hoge,2023,68.0,68.4,0.1726,-0.444,-0.3866,1.0194,1.4583,1.1033,1.4085,2.2651,1.5302,0.0449,0.8176,-0.3439,-1.0225,0.4468,0.3811,0.5004,0.4263
Justin Lower,2023,68.0,69.63,0.2783,-0.6634,-0.8564,0.1044,0.2329,0.334,-0.5259,0.5161,-0.0146,-0.9178,0.0801,-1.7494,-0.122,-1.8299,-1.7207,0.3817,1.6447
Robby Shelton,2023,68.0,69.19,-0.1,-0.828,-0.4963,-0.0691,-0.2913,-0.5438,-0.2317,1.1818,0.7189,-0.3848,-0.0056,0.935,0.7406,0.288,1.2344,0.6719,-0.4488
Cameron Champ,2023,68.25,68.64,0.5143,1.9146,2.856,-0.2729,-0.4024,0.905,-0.2114,-1.4022,-1.415,0.6557,-1.2094,-2.6487,-1.1078,-1.9738,-3.696,-1.2803,-0.2046
Ryan Armour,2023,68.25,69.83,-0.0882,-1.7275,-2.1298,1.8589,1.1787,1.6531,0.6307,1.6445,0.9828,-2.1548,0.3394,-0.2773,-2.4443,0.6104,-1.3572,1.1203,-1.377
Taylor Montgomery,2023,68.25,68.91,-0.1,0.7298,0.7494,-0.9237,-0.205,-0.7279,-1.2361,-0.4431,0.1493,0.3412,-0.8835,-0.4638,0.4942,1.0221,0.3653,0.7906,3.3176
Chris Stroud,2023,68.25,69.66,-0.1,-0.9596,-1.2263,0.5289,-0.02,-0.8317,0.6036,-0.2512,-1.0232,-0.7112,1.0436,-0.4039,-0.0082,-0.9272,0.2072,-0.1855,-0.8549
Chad Ramey,2023,68.25,69.41,-0.1,-0.9706,-0.9153,0.2742,0.6338,0.2419,-0.3906,-0.4882,-0.5287,-0.2568,-0.8549,-2.4022,-0.9087,-0.6891,-1.1834,-0.5285,1.2241
K.H. Lee,2023,68.25,67.91,2.273,0.0168,0.0423,0.6968,0.6236,0.5133,0.9418,0.138,-1.2455,0.1592,0.0515,0.5886,0.8165,1.3793,1.6453,0.9357,0.6923
Adam Long,2023,68.25,69.01,-0.1,-0.9377,-1.1019,1.1231,0.6421,1.495,-0.4177,-2.0454,-1.7457,-0.9873,-0.6218,0.0091,1.1198,0.9378,0.4285,0.3289,0.0396
Scott Harrington,2023,68.25,69.2,-0.203,0.8285,1.0162,-1.4991,-1.5085,-1.1338,-0.2926,-1.1709,-0.8371,0.0504,0.9794,1.8676,-0.5959,-1.2099,-0.2194,-1.1748,-2.3924
Tano Goya,2023,68.25,69.48,-0.1,0.3678,0.3811,-0.0635,-0.3078,-0.591,0.0828,-0.8549,0.3354,0.0934,1.1887,0.3355,-0.2831,-0.7387,-0.3143,-1.5573,0.1435
Harrison Endycott,2023,68.25,69.45,-0.1,-0.7621,-1.0839,0.0554,-0.2379,-0.1545,-0.6679,-0.9734,-0.1952,-0.4067,-0.4505,0.0624,1.0155,0.4021,0.9183,-0.568,0.7817
James Hahn,2023,68.25,69.36,0.9177,-0.2027,-0.3489,0.7025,-0.647,0.2443,-0.066,-1.0411,-1.0705,-0.3637,0.6249,-0.2507,0.4657,-0.7338,-0.5197,-0.2251,-0.6349
Sean O'Hair,2023,68.25,69.63,0.2046,-1.168,-0.6387,0.7345,0.5948,0.8201,0.093,-1.8818,0.2576,-1.8202,1.3815,0.5753,2.3426,-0.9272,0.9341,-0.5812,-0.7485
S.H. Kim,2023,68.25,68.65,-0.1,0.7079,0.4171,-0.5728,0.0356,-0.4495,-0.8641,-0.4544,-0.6343,0.7169,-0.2459,1.7277,0.0771,0.0301,0.3336,-0.014,1.3691
Aaron Wise,2023,68.25,68.33,0.3798,0.3349,-0.0036,0.2271,-0.3283,0.695,-0.6612,-2.1808,-0.4731,0.6932,-1.7328,-1.1499,0.788,0.6204,0.2388,1.5952,1.2386
William McGirt,2023,68.5,69.87,-0.1,-2.2102,-1.7828,1.4137,0.3337,0.3599,-1.0264,-0.5728,0.7272,-1.6108,-1.2546,2.1807,1.954,2.0638,1.8349,0.4081,0.5931
Ryan Brehm,2023,68.5,69.84,-0.2268,0.8615,1.4614,-2.1386,-1.2289,-2.3089,-1.855,-1.0524,-0.8927,0.2955,-0.4053,-0.8169,-1.4111,-0.7189,-1.8945,-1.0956,0.0202
Robert Streb,2023,68.75,69.94,-0.2596,-0.3891,0.1323,-1.3425,-0.4085,-1.2683,-1.3714,-0.4205,-0.1647,-1.0239,-0.1055,-1.9959,-0.0177,-0.6197,-0.8832,0.4081,-2.1095
Andrew Novak,2023,68.75,68.77,0.2783,-0.3453,-0.493,-0.3106,-0.3263,0.5133,0.0017,0.3186,0.7828,-0.3528,0.2894,-0.0175,0.9302,0.665,0.4601,0.6323,0.0299
Jim Herman,2023,69.0,69.75,-0.7976,-0.8609,-0.9349,0.7364,1.1026,0.9758,-0.0964,-0.3641,-0.1202,-0.7733,-0.9215,-2.3489,-0.558,-2.2367,-1.8629,-1.7684,-1.1788
Will Gordon,2023,69.0,68.0,0.0687,1.3112,1.7953,0.2384,0.1898,-0.0648,1.7941,0.2847,0.3688,0.9483,1.4338,0.3755,0.0013,0.3128,-0.5197,0.2234,-0.5624
Davis Thompson,2023,69.0,68.52,-0.1,1.3112,1.0768,-0.3351,0.0068,-0.8365,-0.1471,0.6515,0.8634,1.5654,-1.2808,0.0091,-1.0414,-0.3221,0.0018,-0.0668,-0.3134
Bill Haas,2023,69.25,69.72,-0.1623,-0.2136,-0.6338,-0.2295,-0.2523,0.2372,-0.5428,-2.7901,-1.8485,-1.502,1.2601,1.6211,0.5321,0.8039,1.4714,-1.8343,0.2765
Jimmy Walker,2023,69.25,69.45,0.0687,1.2344,0.2043,-1.4991,-2.2651,-0.971,-1.5168,-0.4656,0.2243,0.0495,-1.3474,0.1623,1.1293,0.9725,0.9025,-0.2251,0.2934
S.Y. Noh,2023,69.25,69.85,-0.2596,0.3568,0.3647,-0.8652,-1.4036,-0.4825,-0.022,0.0309,0.2715,-1.7013,0.0301,0.189,-2.4728,-0.2873,-1.6417,0.9752,0.3031
Brice Garnett,2023,69.5,69.07,0.8512,-1.168,-1.277,0.5063,0.0746,0.0815,0.7152,0.3524,-0.6454,-0.7999,-0.2792,-0.2107,0.5037,-0.0393,-0.2669,0.2366,-0.2554
Lucas Glover,2023,70.0,69.74,-0.1,-0.795,-0.8302,1.3175,1.5117,1.2189,-0.2012,1.3229,0.1187,-1.1409,-0.2958,-0.8235,0.4089,0.1541,0.5549,-2.1113,0.5327
Kelly Kraft,2023,70.0,70.28,-1.4469,-1.5739,-1.7943,0.9194,0.8086,-0.0105,-2.572,-1.6674,-1.6095,-0.7624,-1.4521,-0.5571,-0.3874,-0.5006,-1.0728,0.5663,1.4417
Brent Grant,2023,70.25,70.17,-0.1,1.2125,1.3321,0.6213,-0.6799,-0.1285,-0.0694,-0.6236,0.4605,-0.5356,0.5821,0.5953,-0.6907,-0.079,-1.2466,-3.1138,-0.427
Harry Hall,2023,70.25,69.58,-0.1,0.2032,-0.0036,-0.7615,-2.6331,-1.2376,0.2316,-0.1102,-0.0869,-0.6399,-0.0722,0.1823,0.4563,0.6551,0.5707,0.4476,1.5239
Davis Riley,2023,69.5,68.84,0.749,0.2252,0.3565,-0.2351,-0.5668,0.7021,0.8336,1.1762,0.9912,-0.6243,0.6154,0.4421,1.6791,0.0946,0.0018,-1.1088,-0.5092
Dylan Frittelli,2023,69.5,69.89,0.0094,0.7408,0.5906,-2.3084,-2.0615,-1.8417,-2.3048,-0.6744,-0.6843,-0.6197,-1.6377,-0.0975,0.2667,0.4716,-0.1246,-0.0668,-0.4367
Dylan Wu,2023,69.5,68.66,-1.0666,-0.2027,-0.3097,0.5515,-0.2728,0.4685,1.3984,0.0365,0.3577,0.1309,1.6336,0.2889,0.5226,0.5658,0.1124,0.1838,0.1701
Michael Gligic,2023,69.5,69.68,0.1788,0.5543,0.5006,-0.7728,-1.5085,-0.9497,-0.7829,-0.4995,0.4549,-0.0227,0.1895,-0.5704,-0.1788,-0.0344,-1.1834,-0.5153,-2.2231
Austin Cook,2023,69.5,70.54,-1.1058,-1.7494,-1.4669,1.1118,0.8723,0.5228,-0.9284,-0.0425,0.6355,-2.1987,-0.9382,0.5487,-0.5106,0.5757,0.4601,-1.0033,0.1459
Greyson Sigg,2023,69.5,68.78,-0.9321,-0.6195,-0.9415,0.2422,0.3419,0.3883,0.3635,0.0421,-0.9149,-0.2577,-0.115,0.3089,0.0107,-0.2526,-0.1246,0.5795,-0.2868
Charley Hoffman,2023,69.5,69.13,-0.3941,0.7627,0.1847,-1.0086,-0.2934,-0.9261,0.3635,1.447,1.783,-0.3912,0.2942,0.7419,1.1577,0.4021,1.2028,-0.3042,-1.5124
David Lipsky,2023,69.5,69.09,0.48,-0.8499,-1.3933,1.0024,1.0409,0.4095,0.0896,-0.4826,-0.8232,-0.2668,-1.0952,-0.3839,1.2525,0.8932,0.6655,-1.2012,-0.809
Adam Schenk,2023,69.5,68.99,0.1801,0.7298,1.3649,-0.8878,-0.1433,-1.1739,0.0524,-0.8775,0.0493,-0.0099,0.3132,0.9683,-0.4822,0.7791,0.7761,-0.7791,0.7503
Matthias Schwab,2023,69.5,68.92,0.1438,-0.7292,-0.2638,0.4176,-0.3119,0.2679,-0.7762,-1.7802,-2.2625,-0.0282,-0.7693,0.6619,-0.34,0.4368,0.8551,0.1179,-1.5487
Kevin Roy,2023,69.5,69.28,-0.1,0.3897,0.7363,-0.2804,-0.0672,-1.0229,0.2384,1.2439,1.6108,-0.2623,0.8009,-0.0975,-0.776,0.8981,0.1282,0.7378,-1.9137
Ben Griffin,2023,70.0,68.99,-0.1,0.3678,0.5235,-1.1161,-0.8362,-1.2423,-0.2148,-0.4826,-0.7343,-0.2037,0.8485,1.3613,0.1814,0.1293,1.0448,0.5532,0.5327
Maverick McNealy,2023,70.0,68.64,0.4128,0.3239,0.7265,-0.735,-1.3543,0.2113,-0.6375,-0.7647,0.2465,0.0212,-0.7812,0.3089,-1.8756,-1.5026,-0.2352,2.5053,3.2015
Tyson Alexander,2023,70.0,69.57,-0.1,-0.1149,0.2043,-1.0067,-0.8608,-1.5373,-0.9148,-0.1441,0.5911,-0.3345,0.18,0.109,0.0202,0.6253,0.144,0.6982,-0.5358
Aaron Rai,2023,70.0,68.66,0.2783,-0.6963,-0.1443,1.5985,1.4028,1.0065,1.2022,-0.0199,0.3855,0.4088,0.3989,-2.2357,0.0297,-0.2129,-0.7409,-0.4625,-1.3964
Ryan Moore,2023,70.0,69.52,-0.3389,-1.6178,-2.1806,1.791,1.3884,1.0985,-0.4549,0.7417,-0.1258,-1.257,-1.6781,0.602,0.4942,1.3049,0.3653,0.4081,0.6802
Russell Knox,2023,70.5,69.67,0.2046,-1.7056,-1.1363,0.4327,0.0828,-0.1875,1.1211,2.1297,-0.0924,-1.8357,-0.2673,-0.9301,1.1388,-0.4957,-0.093,-0.4229,-1.4157
Austin Smotherman,2023,70.5,69.51,0.48,0.1155,-0.128,0.1799,-0.7313,0.4921,-1.0298,1.447,1.5246,-0.1123,-1.0572,-0.1308,0.6174,-1.205,0.065,-0.6076,0.6947
Kevin Chappell,2023,70.5,69.2,-0.4747,0.4556,0.2796,-0.5634,-1.8045,-1.3108,0.2452,-2.3839,-2.1041,0.2461,1.5599,-0.8768,0.3899,-1.1603,-0.7567,0.8565,-0.3424
Kyle Stanley,2023,71.0,68.97,-0.1,-0.0491,-0.8367,0.3006,1.1232,0.3552,0.58,0.1098,-1.1205,-0.1891,0.475,-0.0442,0.5226,0.422,-0.1562,-2.0322,-2.0539
Erik van Rooyen,2023,71.0,69.07,-0.4747,0.2362,0.2878,-0.0597,-0.795,0.4048,0.766,0.0703,-0.148,0.1766,0.5464,-1.1166,-1.1741,-1.9738,-1.8313,-0.9374,-1.0023
Scott Brown,2023,71.0,70.67,0.2725,-1.0803,-0.6927,0.8364,-0.2728,0.4166,-0.8404,-2.1639,0.0131,-2.4968,-0.4172,0.2622,0.7596,-1.8746,-0.172,-1.0956,-1.4109
Trey Mullinax,2023,71.0,69.18,0.4128,1.399,1.5924,-2.3536,-2.0944,-2.1438,-1.0366,0.1775,0.5355,0.8925,-0.5956,0.0025,0.2951,-0.704,-0.4565,-0.9242,-0.8791
Brian Stuard,2023,71.0,70.63,-0.493,-3.0439,-2.6045,0.5572,1.1005,-0.1262,-2.2879,-0.68,-1.3344,-2.8131,-1.276,-0.1574,0.2193,1.4685,0.1756,1.1599,-0.0354
Chesson Hadley,2023,71.0,68.93,-0.2295,-0.1807,-0.1836,-0.7275,-0.5956,-0.1899,-0.0119,0.1324,-0.6176,0.0495,-0.2411,0.3955,-2.0841,-0.1683,-1.4995,-0.0668,-0.6615
Justin Suh,2023,71.0,69.28,-0.1,-0.433,0.1585,0.744,0.8209,0.3104,-0.0017,0.9787,0.7606,-0.9937,-0.4362,-0.2107,-0.6338,-0.6147,-0.7725,1.4765,1.5649
Harry Higgs,2023,71.5,69.09,0.0436,0.3129,-0.2736,-1.4708,-0.978,-0.6146,0.1978,-0.5221,-0.8482,-1.3201,0.9794,0.6752,0.3899,-0.2526,-0.2036,1.2127,-1.1837
Cameron Percy,2023,71.5,69.12,-0.8355,-1.3106,-1.0053,0.727,-1.0993,0.7918,0.12,-0.9565,-0.6982,-0.3637,0.2062,1.0216,0.4468,1.5777,0.6497,-0.1855,1.6399
Martin Trainer,2023,71.5,70.0,-0.0923,0.7518,0.7068,-0.4823,-1.1507,-1.9243,-0.5462,-3.3487,-1.8624,-0.4981,0.5107,-1.7028,1.1293,1.1313,-0.5513,-0.6604,-0.3617
Cody Gribble,2023,71.5,69.26,-0.1,0.0716,0.2649,0.6081,0.2288,0.4354,0.1268,-0.0481,0.6855,-0.2403,1.5956,0.1224,0.8354,0.536,0.5865,-0.9769,-0.3666
Tyler Duncan,2023,71.5,69.4,-0.5027,-0.2356,-0.6796,1.1496,0.9299,0.6785,0.6138,-0.0143,0.4383,0.1473,0.0063,-0.9368,-1.468,-1.0562,-1.5627,-1.9003,-0.5382
Scott Stallings,2023,71.5,68.83,1.396,-0.0052,0.2682,-0.4445,-0.2728,-0.348,-0.3331,-0.1384,0.4966,0.3476,-0.8264,1.8876,-1.2215,-1.8895,-0.9306,-0.3834,0.6657
Michael Kim,2023,71.5,68.92,-0.203,0.4556,-0.0739,-0.2144,-0.6799,0.0437,0.8235,-0.0369,-0.6092,-0.574,1.8549,-0.1841,0.8733,-0.1733,0.6971,0.6455,-0.5479
Trevor Werbylo,2023,72.0,69.3,-0.1,0.4117,0.6152,-1.8047,-1.2638,-1.7284,-0.7153,-1.1709,-1.0066,-0.3482,0.5963,-0.0375,-0.1978,-0.0939,-0.6777,0.751,-0.2989
Nick Watney,2023,72.0,69.99,-0.3389,-0.1588,0.8902,-2.3574,-2.4974,-2.2995,-1.4728,-0.1215,-0.0035,-1.2405,-0.843,-0.204,0.0392,1.1015,-0.1562,0.9357,-0.9733
Max McGreevy,2023,72.5,70.16,-0.3941,-1.3216,-1.1772,-0.4407,-0.4085,-1.273,-2.386,-2.1187,-2.0874,-0.8447,-2.0207,1.2947,0.1719,-0.4659,0.0334,-0.6076,-0.9733
Jason Dufner,2023,72.5,69.26,-0.3941,-0.1588,-0.3031,-1.084,-0.1289,-0.5297,0.2824,0.4596,0.2549,-0.4853,1.5242,1.328,0.4373,0.04,0.9499,-2.1641,-1.7638
Kyle Westmoreland,2023,72.5,69.89,-0.1,1.4758,2.2373,-2.1537,-3.6323,-2.2476,0.492,0.0139,0.4077,-0.3985,1.7122,-0.4905,-1.3922,0.0202,-1.6575,-1.0033,0.3877
Carl Yuan,2023,72.5,69.06,-0.1,0.7518,0.8525,-1.0539,-1.6318,-1.1857,0.3635,1.0746,0.5938,0.5926,0.0943,0.8484,-1.0983,0.7146,-0.6461,-1.1616,-0.265
Brandon Matthews,2023,73.0,69.61,-0.1,2.485,2.6531,-2.1631,-3.2416,-2.4836,-0.2655,-0.3359,0.7133,0.3265,0.9413,-0.4971,0.5037,0.7741,-0.4091,-0.7263,-0.8621
Kramer Hickok,2023,73.0,69.24,-0.2268,-0.06,-0.4864,0.7062,0.3563,0.1192,0.1403,-0.1384,-0.9093,-0.1059,-0.8787,0.8884,-0.6623,-0.1435,0.7761,-1.5705,-0.4149
MJ Daffue,2023,73.0,68.56,-0.0671,0.9492,1.2535,-0.6539,-0.0816,-0.4683,0.208,0.3412,0.5549,0.7032,0.82,1.1548,0.788,0.1392,0.5075,-0.9637,-0.8621
Matti Schmid,2023,73.0,69.54,-0.1,1.9475,1.5433,-0.4483,-1.8313,-0.3621,-0.1877,-0.2118,0.9023,-0.3381,0.1205,-0.0975,-0.9466,1.533,-0.7567,-0.1591,-0.2215
Andrew Landry,2023,73.5,69.69,-0.0671,-1.3106,-1.4538,0.8722,1.0389,0.2136,-1.9497,-1.0975,-1.3956,-1.0549,-1.483,-0.0775,2.6554,1.5578,0.0334,0.4081,-0.6131
Ryan Gerard,2023,73.5,68.51,-0.1,0.302,-0.344,0.0346,0.5146,0.7705,-0.9689,-0.8493,-0.9204,1.4356,0.544,-3.1949,1.4895,-0.5006,0.5865,-0.3702,-0.6639
Paul Haley II,2023,73.5,70.4,-0.1,-1.7275,-1.6584,0.893,-0.2112,0.0319,-0.3974,0.4653,0.8467,-1.6831,-0.3791,0.8151,-1.0794,0.2384,0.1282,-0.911,0.7817
Troy Merritt,2023,74.0,70.11,0.6801,-0.9706,-1.1314,0.7213,0.7983,0.7564,-1.6386,0.217,0.1604,-1.1043,-0.7479,-0.5171,-0.6054,-0.8578,-0.5355,-1.1748,0.6149
Taylor Pendrith,2024,65.25,68.82,-0.1,1.4416,0.9601,-1.4363,-2.0724,-0.8008,0.0033,-0.4835,-0.3668,0.632,0.4569,0.549,-0.4297,0.4034,-1.1051,-0.3752,0.8797
Ben Kohles,2024,65.5,69.5,-0.2861,-1.7808,-1.5657,0.5275,0.9492,1.0267,-0.2072,-0.2269,0.1665,-1.4721,-0.5391,0.3679,-0.1266,-1.4926,-0.8482,-0.2553,-1.2599
Alex Noren,2024,65.75,67.3,0.7165,-0.5183,-0.1609,0.6718,1.5274,0.6064,2.1914,-1.0432,-0.6114,1.1705,1.7112,-0.3938,1.8862,0.6737,0.6122,0.416,-0.0681
S.H. Kim,2024,66.0,68.96,0.1321,0.3594,0.382,-1.6478,-1.0161,-0.4855,-1.6629,-0.5501,0.594,0.197,-0.4646,0.1432,0.1008,0.2205,0.2066,0.7756,1.6419
Aaron Rai,2024,66.0,68.53,0.0884,-0.7829,-0.2808,1.1523,0.9,1.9427,1.3523,0.2528,0.9774,-0.7639,0.9954,0.7613,0.2187,0.2364,1.0855,-0.3153,-0.582
Byeong Hun An,2024,66.0,68.47,0.3748,1.682,1.0711,0.0289,-1.0936,-0.4673,1.3138,2.1718,0.9752,1.3724,0.9407,0.9548,1.2967,0.4193,0.5176,-1.5739,-0.433
Matt Wallace,2024,66.0,69.17,-0.6266,0.2873,0.0118,-1.8551,-0.4057,-2.064,0.3265,-0.1403,0.9355,0.1326,1.0655,1.242,-0.6992,-1.1031,-0.6048,-0.3632,0.9186
Jake Knapp,2024,66.25,68.86,-0.1,1.1891,1.5365,0.1746,-0.5909,-0.0013,0.1694,1.5988,0.8297,0.0536,0.1899,1.9974,-0.8171,0.9082,0.7475,0.2242,0.7955
Rafael Campos,2024,66.5,69.38,-0.0792,0.9606,0.278,0.1017,-1.6681,-0.1155,0.534,-1.333,0.6204,0.5072,-0.2282,-0.5062,0.4293,-0.3558,-1.9435,-1.9336,-2.0458
Troy Merritt,2024,66.5,69.33,-0.3045,-1.0474,-1.2643,1.0332,-0.3472,1.8718,-0.219,-0.4302,-0.0803,-1.2409,0.3059,0.7675,-0.0929,2.4147,1.2343,-0.3392,-0.8929
Ryo Hisatsune,2024,66.75,69.04,-0.1,-0.4462,-0.6809,0.4687,0.1139,0.531,0.2316,-0.75,-1.6273,-0.6312,0.6583,-0.2065,1.0188,0.7015,0.4365,-0.3272,-2.0782
Daniel Berger,2024,66.75,68.5,0.4797,-0.6265,-0.5505,1.6495,0.8641,0.9513,0.7979,-0.4802,0.5829,0.7101,0.4022,-0.0878,0.2608,1.2898,0.3824,-0.1235,-2.2704
Alex Smalley,2024,66.75,69.33,-0.1,0.2752,0.0488,-0.5328,0.2613,-0.4855,-0.2072,-0.3136,-0.4616,-0.5766,-0.2063,-0.3251,0.3703,-0.7096,-0.0639,-0.7828,-1.6032
Adam Schenk,2024,66.75,68.69,0.1072,0.3113,0.8614,0.7643,0.49,0.1358,0.116,0.7992,0.1863,0.5482,0.2139,0.5365,0.1261,-0.7533,-0.1315,0.416,0.219
Ben Griffin,2024,66.75,68.44,-0.151,-0.5063,-0.5082,-0.9558,-0.0221,-0.2594,-0.4977,-1.0932,-1.1865,0.2038,-0.2107,0.7862,1.2883,1.095,1.3695,0.1283,-0.2883
Si Woo Kim,2024,66.75,67.59,0.5828,-0.9151,-0.8536,2.4143,1.9318,1.7394,0.9758,0.606,-0.2346,1.5597,1.2625,0.805,0.2693,0.2205,1.2478,1.327,-1.1326
Keith Mitchell,2024,67.0,68.04,0.1628,1.0929,0.7821,-0.2723,-0.1998,0.7434,1.7496,0.6659,1.3542,1.152,1.1224,-0.4,-0.0508,-0.2405,-0.2667,-1.55,-0.8519
Zach Johnson,2024,67.0,69.87,-0.1,-1.8289,-1.7896,1.721,1.4631,0.0924,0.3858,-0.4268,-1.8454,-1.7043,0.5883,0.5115,-1.0698,-0.8368,0.0037,0.2961,-0.297
Stephan Jaeger,2024,67.0,68.19,0.6972,1.2973,0.6693,0.0373,-1.5037,0.6041,0.285,0.2895,-0.585,1.3627,0.0542,-0.219,1.2125,0.9162,1.4371,-0.6269,0.6768
Jorge Campillo,2024,67.25,69.79,-0.1,-0.0494,-0.6598,0.3959,-1.275,0.8302,-0.8891,-1.1565,0.0409,-0.6468,-0.2939,0.268,1.2883,-0.1134,0.9773,-1.6339,0.7955
Nico Echavarria,2024,67.25,67.97,-0.1,-1.0594,-0.9823,0.4841,0.9019,1.2619,0.6259,-0.7533,-1.0323,0.1355,-0.0137,1.0297,0.185,0.622,0.3553,0.8595,0.2925
Patton Kizzire,2024,67.25,68.75,0.647,0.4917,-0.0851,-0.0916,-1.6189,0.097,0.6586,0.576,1.8125,0.9715,-0.3596,-1.2616,0.7493,-0.6102,-1.1456,-0.1235,-0.7461
Justin Lower,2024,67.25,69.64,0.412,-0.1095,-0.829,-0.5034,0.5353,-0.3599,0.7416,0.4061,0.3273,-1.6184,0.9407,-1.8735,-0.1939,-0.4393,-1.362,-0.0276,-0.949
Chris Gotterup,2024,67.25,69.47,-0.1,2.1389,1.8114,-2.2683,-3.6295,-1.6665,-0.142,-1.3897,-1.1447,-0.6634,1.2559,-0.9557,-0.4129,1.3494,-1.1727,1.0753,1.0913
Min Woo Lee,2024,67.25,68.75,-0.4746,1.3694,2.4213,1.2573,-0.0165,0.25,-0.5659,-0.5568,0.9267,1.0554,-0.2873,1.1234,0.025,-0.9958,-0.4695,1.1592,-0.6446
Adam Scott,2024,67.5,68.89,0.7802,0.3835,0.6428,0.8049,-0.1223,-0.3896,-0.3406,0.1095,-0.0252,0.7745,-0.5982,-0.1253,0.025,-0.4472,-0.1044,0.8116,0.6444
Dylan Wu,2024,67.5,68.7,-0.6818,-0.9031,-0.5223,-0.1952,0.2915,0.2934,-0.1805,-0.9732,-0.878,-0.1747,-0.1779,0.4491,0.5135,0.7492,0.3688,0.0923,-1.4953
Luke List,2024,67.5,68.36,0.2609,0.0348,0.7063,0.0625,0.3728,-0.449,0.4777,0.1662,1.3476,1.113,-0.0181,0.087,0.7493,0.5862,0.1119,-0.0276,-1.2772
Kevin Dougherty,2024,67.5,69.58,-0.1,2.0067,2.1305,-1.0245,-1.2958,-1.6094,-0.0945,-0.0337,1.7817,0.5501,1.941,-0.4125,-1.0277,-1.8822,-0.8617,-0.3992,0.042
Adrien Dumont de Chassart,2024,67.5,70.08,-0.1,0.6239,0.5882,-1.0945,-2.182,-1.0475,-0.5481,-0.69,-0.9221,-1.2409,-1.1038,-1.6986,-0.2697,-0.32,-1.673,-0.3392,-3.3348
Davis Riley,2024,67.5,68.65,0.4672,0.3354,0.2357,-0.9236,-0.7894,0.1175,-0.4681,-0.6967,-0.7017,0.5696,0.0366,1.1296,-1.954,-0.5864,-1.0916,-0.4951,-0.2322
Andrew Novak,2024,67.5,68.61,0.2906,0.3354,-0.1609,-0.8494,-0.899,-0.3393,0.7149,0.0429,1.4996,-0.2635,1.0085,1.6915,0.9935,1.0593,1.4912,0.7636,-0.5604
Carson Young,2024,67.5,69.3,0.3748,-0.6265,-1.0916,0.6844,0.866,1.2574,-0.2754,-0.1003,0.4397,-0.9317,-1.1366,-0.0878,-0.5139,-0.1372,-0.8346,-0.567,0.5904
Nick Dunlap,2024,67.5,69.45,-0.1,0.636,1.3108,-0.8368,-1.1862,-1.1228,-2.3152,0.7759,-1.0014,0.4682,-0.9462,-0.8183,0.2524,0.0576,0.5717,0.5478,0.0096
Maverick McNealy,2024,67.75,68.48,0.1735,0.6119,0.4419,-0.7429,0.0629,-0.3051,-0.557,-0.4668,0.2943,0.1375,-0.4493,-0.1503,0.8335,0.4113,0.9368,1.8785,0.843
Aaron Baddeley,2024,67.75,69.72,0.3147,-1.8049,-0.7814,-0.9979,-1.2429,0.0056,-1.4673,-1.0998,-0.9067,-2.4496,-0.6485,1.3169,0.9851,-0.3399,1.2072,1.5428,1.8276
Ryan McCormick,2024,67.75,70.23,-0.1,0.9606,0.701,-1.9826,-2.6072,-3.0279,-1.2627,-2.1693,-0.7568,-0.4225,0.7262,-0.3438,0.3198,0.8685,0.166,-0.1235,-0.1869
Tom Hoge,2024,67.75,68.28,0.3451,-0.6987,-0.2596,-0.3549,0.8471,0.2203,1.0677,1.712,1.46,-0.0586,0.9232,-0.5499,1.2377,1.103,-0.2667,0.6078,0.3464
Vince Whaley,2024,67.75,69.84,0.4948,0.3113,0.8755,-1.673,-1.0955,-1.5294,-1.4524,-1.2931,-1.6295,-0.9756,-0.6923,-0.9494,-0.236,-1.4131,-1.4567,-0.1235,0.0463
Mackenzie Hughes,2024,67.75,68.11,0.2738,-0.3139,-0.0781,-1.0987,0.3879,-0.0766,-1.0848,-1.0232,-0.618,0.953,-0.3026,-1.6612,1.0104,1.2818,0.8421,1.2311,1.0892
David Skinns,2024,68.0,68.8,0.182,0.2993,0.8579,-1.1982,-0.8082,-0.8533,0.196,-0.6634,0.2326,-0.3688,-0.0859,1.3731,0.185,1.2302,0.9097,-0.1235,-0.012
Martin Laird,2024,68.0,69.26,-0.0795,-1.2277,-0.7955,-0.0117,0.6185,0.314,1.3257,-0.4002,-0.2346,-2.1169,1.2559,1.0047,-0.3624,1.7509,1.3019,-0.591,1.9161
Ben Martin,2024,68.0,69.18,0.1787,-0.6025,-0.5187,0.0107,-0.0486,0.3734,0.3295,0.4161,0.3516,-1.4672,-0.1232,-0.4,0.4798,0.2802,0.6528,1.2072,0.463
Brandt Snedeker,2024,68.0,70.5,0.1637,-1.8169,-1.8777,-0.6056,0.2859,0.017,-1.4109,-2.739,-2.956,-1.3824,-1.1563,-1.5426,-1.4824,0.0735,-2.7954,-4.6667,0.4026
Mark Hubbard,2024,68.5,67.95,0.4603,-0.7348,-0.5963,0.5135,0.3274,1.1866,0.5548,-0.3869,-0.0297,0.9822,0.1899,-0.6997,0.1514,-0.4671,0.3012,0.8236,1.1863
Harrison Endycott,2024,68.5,69.88,0.1321,-1.2518,-1.155,0.1816,-1.1956,0.0376,-0.4384,-1.4463,-0.8714,-0.4537,-0.1582,-3.5404,-1.0445,0.8685,-0.5777,-0.7828,-2.0458
Tom Kim,2024,68.5,69.0,0.6226,-0.6626,-0.8625,1.2993,1.3101,0.4282,0.0359,1.2023,0.2987,0.5345,-1.8218,0.1244,-0.3539,-0.5506,0.1119,-1.6339,-0.0444
Tyson Alexander,2024,68.5,69.21,-0.151,0.4316,0.3626,-0.7163,-1.583,-0.4307,-0.563,-1.1431,-1.0014,0.2945,0.5248,-0.7934,-1.0698,0.5107,-0.9834,-0.0156,0.137
Hayden Buckley,2024,68.5,68.84,-0.3713,-0.35,-0.2526,0.0373,0.0553,1.2322,-1.3279,-1.6795,-2.0503,-0.244,-3.0038,-1.0493,1.0609,0.0536,-0.4966,-0.519,-1.627
Beau Hossler,2024,68.5,68.2,0.0725,-0.1336,-0.3372,-0.953,0.146,-0.385,0.5963,-1.0099,-0.5211,0.3921,-0.1297,0.0495,0.3366,0.9837,0.5446,0.2002,0.5213
K.H. Lee,2024,68.75,68.4,1.6338,0.3474,-0.4535,0.1381,0.6922,0.435,-0.7676,-0.71,-1.8344,0.1531,-1.2461,0.0245,1.0104,0.0019,0.761,0.7636,0.0485
Jason Day,2024,68.75,67.95,0.9211,0.4676,0.2145,0.9814,0.8244,0.4602,-0.5185,-0.4402,-2.1715,1.5617,0.8203,0.8861,0.5472,0.8049,0.7204,1.0633,1.5145
Sam Stevens,2024,69.0,69.05,0.213,1.1049,0.7856,-1.0021,-0.4605,-1.2942,-0.0056,-0.127,0.7196,0.0136,0.8553,-0.3376,0.9009,0.8645,0.6393,0.404,-1.0527
Joel Dahmen,2024,69.0,69.22,-0.1,-0.831,-1.2749,0.5766,-0.0354,1.0107,1.1063,0.7892,0.6402,-1.0058,1.2274,-0.0941,-0.2697,-0.9401,-0.4154,-0.1235,-2.1041
Tom Whitney,2024,70.75,69.54,-0.1,-0.4342,-0.584,0.2936,1.0928,0.764,0.3206,0.0962,0.7548,-1.6926,0.041,-0.2939,-0.7497,-0.7573,-1.4431,-0.1235,-0.1199
Jacob Bridgeman,2024,68.5,68.98,-0.1,-0.35,0.1228,-0.2863,-0.9349,-0.0013,-0.4977,0.0429,0.5829,-0.1435,-0.6726,1.1296,-0.236,0.9678,0.3688,0.5958,0.1305
Rico Hoey,2024,68.5,68.98,-0.1,1.177,0.7697,-0.3227,-0.6023,-0.931,0.9135,-0.9199,-0.3205,0.913,1.9389,0.755,-0.3708,-0.8447,-0.3208,-2.0295,-2.1041
Robert MacIntyre,2024,68.5,68.77,-0.1,0.1791,0.5441,-0.939,-1.0048,-0.1749,0.2672,0.0362,2.5001,0.1287,0.1461,1.5479,0.6061,0.9122,0.8421,-0.591,-0.4524
Thomas Detry,2024,68.5,68.53,-0.1,0.5157,1.1487,-0.5832,0.2708,-0.2297,0.2791,0.5493,0.5124,0.3404,0.9582,0.4678,-0.4213,-1.8703,-0.118,0.6318,1.0589
Doug Ghim,2024,68.5,68.16,0.1832,-1.0835,-1.0405,0.9113,1.038,1.8901,0.8216,-0.3102,-0.5056,-0.0918,-0.5916,0.6364,-0.9519,-0.3956,-0.0774,0.2721,-0.297
Nate Lashley,2024,68.5,69.11,0.2944,-0.6506,-1.2538,0.9394,0.3747,1.3213,0.3858,-0.5601,0.1136,-0.483,-0.5434,0.4491,0.6398,-0.5824,0.1525,-1.55,1.4476
Chesson Hadley,2024,68.5,68.85,-0.3948,0.0829,-0.3672,-1.2066,0.2235,-1.0406,0.0092,-0.4468,-0.8009,-0.7619,0.9057,0.7488,0.9767,0.5823,0.6258,1.387,0.0657
Kevin Yu,2024,68.5,68.61,-0.1,1.3814,1.1628,-0.2204,0.5391,-0.3096,1.7882,0.7159,2.0351,1.0183,0.5817,-1.5113,-0.935,0.4908,-2.1057,-1.9695,-0.8087
Matti Schmid,2024,68.5,68.9,-0.6364,0.8163,0.4066,-0.5314,-1.0426,-0.465,0.6259,0.1462,0.486,0.2467,-1.0951,0.0308,0.025,-0.0378,-0.3614,-0.5071,-0.6964
Alejandro Tosti,2024,68.5,69.03,-0.1,1.7902,1.9736,-1.6366,-0.0826,-2.1599,-0.732,-0.1603,0.3494,1.4759,0.5686,0.0995,-1.4908,0.7055,-0.5507,-1.7897,-1.5233
Harry Hall,2024,68.5,69.34,-0.1915,-0.4702,0.0647,-1.3102,-1.4545,-0.9538,-0.6312,-0.76,-0.5519,-0.4342,-0.5172,0.0308,1.1704,0.5624,1.099,-0.9026,-0.2041
Nick Hardy,2024,68.5,68.77,-0.1,0.3474,0.3608,-0.967,-0.0259,-0.6591,0.5637,-0.85,0.8033,0.6516,1.072,-0.8121,-0.9434,-0.5426,-1.8623,-0.567,0.6573
Bronson Burgoon,2024,69.0,69.69,0.3077,0.167,-0.1151,-0.8942,-0.23,-0.6135,-2.0869,-1.0165,0.5697,-0.0176,0.7809,0.2243,0.8251,-0.5864,-0.1585,-0.543,-1.8429
Justin Suh,2024,69.0,69.88,-0.3128,0.2031,0.285,-0.5314,-0.2565,-1.1548,-0.7557,-1.1298,-0.3999,-0.2654,0.4328,-0.5748,-1.3224,-2.3791,-2.268,-0.3752,0.9467
Kevin Kisner,2024,69.0,70.69,-0.3713,-1.7207,-1.7279,-0.6561,-0.4719,-0.7619,-2.6354,-0.2669,-2.5131,-1.7696,0.0104,-0.0129,0.9177,-0.5228,0.477,-1.2263,2.1579
Joe Highsmith,2024,69.0,69.39,-0.1,0.2151,0.3062,-0.925,-0.5361,-1.0817,-0.8832,-0.3702,0.8848,-0.1962,-0.6091,-0.7621,1.7093,0.1649,0.2336,0.1403,-0.6964
Greyson Sigg,2024,69.0,69.53,-0.5967,-0.8069,-1.2132,0.5444,-0.778,0.4305,1.0025,-0.2203,-0.6973,-1.2146,0.7284,-0.3438,1.1283,-0.7175,-0.3749,-0.543,-0.8173
Matt Kuchar,2024,69.0,69.47,1.0321,-1.5644,-1.8478,-0.0159,0.9151,1.0952,-1.9565,-0.5335,-1.7396,-1.836,-0.596,0.3991,-1.314,-0.5228,0.5987,1.4589,0.6098
Chan Kim,2024,69.0,68.76,-0.1,-0.2177,-0.6862,0.2348,0.5844,1.102,0.4303,-0.9666,-0.0451,-0.1249,-0.0203,0.4304,-1.314,0.4431,0.1254,-1.2263,-0.2646
Wilson Furr,2024,69.0,70.24,-0.1,1.4656,1.2421,-1.4139,-1.5622,-1.8424,-1.0967,-0.6301,0.464,-0.758,-0.6463,-0.5124,1.5157,0.777,0.7204,-2.1134,1.6268
Hayden Springer,2024,69.0,68.88,-0.1,1.3935,1.1416,-0.7709,-1.3336,-0.5221,-0.2339,-1.8128,0.2436,0.5072,0.7262,0.1494,0.463,0.7611,-0.1856,0.1523,0.7048
Michael Kim,2024,69.0,69.39,-0.4589,0.2392,-0.0799,-1.222,-0.9632,-1.1914,-0.1005,-0.4968,0.0937,-0.8078,-0.7142,-0.2627,0.7998,0.936,0.5311,0.0803,-0.0357
Mac Meissner,2024,69.0,69.64,-1.0138,0.672,-0.1521,-1.0329,-0.5399,-1.2279,-0.0263,-0.2203,0.378,-0.9707,-0.4471,-0.0504,0.7577,0.5067,-0.0098,-0.1235,0.5667
Callum Tarren,2024,69.0,69.56,0.1394,1.2852,1.4871,-1.5539,-1.5717,-1.0772,-1.7697,-1.1964,-0.1839,0.3443,-0.8149,0.3617,-0.7834,-0.6857,-0.5777,-1.4061,-0.664
Sam Ryder,2024,69.0,68.89,-0.3531,-1.4201,-0.5346,0.2012,-0.4435,0.8759,0.0656,-0.6267,-1.1601,-0.3064,0.168,-0.7309,-0.7666,-0.1094,-0.9158,0.2002,-0.1955
Joseph Bramlett,2024,69.0,68.55,1.0249,1.4055,1.3831,-1.3522,-0.8574,-0.6317,0.3858,-0.8366,-0.1332,0.5657,0.9735,-0.4999,0.8251,-1.1349,0.0714,-0.9506,0.0614
Jordan Spieth,2024,69.0,68.23,1.0582,0.6119,0.5811,0.2824,0.2216,0.7708,0.3295,1.0424,0.6997,0.6145,0.3431,-0.3189,0.6145,-1.0991,-0.145,0.9914,1.3569
Lanto Griffin,2024,69.0,68.96,0.0968,1.3333,0.879,-0.2569,0.8339,-0.6112,1.3998,-0.81,-0.2632,0.1589,0.4175,-0.2564,-1.6256,-0.1412,-0.9293,-2.4251,0.6465
Bud Cauley,2024,69.5,69.04,-0.1,-0.5183,-0.9435,0.0135,-0.3869,-0.3805,0.878,-0.127,-1.0609,-0.5454,-0.3946,-0.5499,0.404,-0.9242,0.7069,0.2122,-0.2365
Carl Yuan,2024,69.5,69.24,-0.5555,1.646,0.7239,-0.4936,-0.9538,0.3551,-1.4465,-0.4302,0.3141,0.4379,-0.7426,1.192,0.5556,-0.4115,0.0037,-1.2263,-0.4568
David Lipsky,2024,69.5,69.64,0.297,-1.2398,-1.5463,-0.2639,0.5693,0.3231,-1.0729,-0.8699,-0.9023,-0.9024,-1.1979,-1.6799,0.1935,-1.0276,-0.4966,-1.1424,0.1694
Jhonattan Vegas,2024,69.5,68.18,0.505,1.4896,1.4325,-0.212,-0.0618,-1.1708,1.3464,-0.3835,-0.3932,1.7051,1.8163,-1.2991,0.6061,0.6856,-0.118,-0.3992,-1.4672
Chez Reavie,2024,69.5,69.75,-0.3713,-1.4682,-2.0963,0.4197,1.0531,0.435,-0.0945,-0.6701,0.3031,-1.8886,-0.3399,0.73,-0.2023,-0.7334,0.2336,0.1523,-0.5971
Matt NeSmith,2024,69.5,69.25,-0.1,-0.7107,-0.5117,-0.1854,0.2254,-0.184,0.62,-0.0837,-0.6731,-0.3435,-1.6795,-1.7299,-2.4256,-2.2876,-3.6202,-0.591,-1.532
Cameron Champ,2024,69.5,68.43,0.5209,2.2832,2.9272,-1.0245,-1.36,-0.2571,-0.0945,-1.3064,-0.8053,1.1413,0.7481,0.012,-2.5099,-0.638,-1.673,-0.1235,2.2918
Brandon Wu,2024,69.5,68.2,0.4908,-0.2418,-0.2914,0.218,0.3652,1.1683,0.8957,-0.72,-0.4549,-0.0918,0.3847,-0.1877,0.4293,0.8486,0.1795,0.2242,0.5472
Raul Pereda,2024,69.5,71.32,-0.1,-1.8289,-1.6451,-1.2136,-0.8971,-1.7419,-4.2809,-2.1293,0.3516,-2.4496,-2.9272,0.4366,1.1367,0.9996,0.8556,0.6198,1.996
Ben Silverman,2024,69.5,69.46,-0.1,-1.0354,-1.3701,0.2502,0.9926,-0.216,0.6763,-0.5268,0.3207,-2.1511,0.9341,0.78,1.3135,0.7095,0.2066,1.4469,0.4997
Pierceson Coody,2024,70.0,69.75,-0.3937,1.3454,1.258,-0.8662,-1.5358,-1.8721,0.1782,-0.4968,-0.2765,-0.3493,0.2336,-0.8371,-2.3162,-0.3995,-0.8076,0.44,-0.4049
Parker Coody,2024,70.0,69.0,0.0917,0.66,0.5441,-1.0651,-1.6303,-1.3102,0.2316,-0.6034,-0.5255,0.4057,-0.596,0.3305,-0.6824,-0.9163,0.139,-0.3272,0.2277
Davis Thompson,2024,70.0,69.08,0.0108,0.5879,0.5582,-0.6505,-0.7648,-0.8076,0.6763,-0.5968,-0.4395,-0.6839,0.9998,0.012,0.1682,0.3756,0.7475,0.4639,1.0913
Erik Barnes,2024,70.0,69.39,-0.1,0.66,0.0964,-0.8004,-1.292,0.2591,-0.3317,0.9958,-0.3844,-1.5141,-0.8937,-0.5124,-0.4466,1.1705,0.2742,0.8955,0.6206
Alexander Björk,2024,70.0,70.4,-0.1,-2.6345,-2.3448,0.7615,1.2685,0.7388,-1.6748,-0.2769,0.9311,-2.8924,-3.9867,-1.2991,0.6398,-4.5414,-1.0104,2.0942,1.1863
Seamus Power,2024,70.0,68.25,1.1947,-0.3981,-0.2244,-0.0818,0.5731,1.1569,0.2583,0.9225,-0.3382,-0.4313,-0.6595,0.0308,1.0188,0.5067,0.7204,0.1403,-1.2427
Sami Valimaki,2024,70.0,68.97,-0.1,0.5398,-0.0763,-0.0594,0.061,1.0426,-0.0589,0.0063,1.4093,-0.163,-1.2133,-0.0754,-1.4824,-0.01,-0.5507,-0.6389,1.6807
Ryan Fox,2024,70.0,69.87,-0.1,1.0568,0.9495,-0.8326,-1.0652,-1.8881,-0.6282,-0.2036,0.0298,0.1004,0.4657,-1.1055,-0.5139,-0.1451,-0.7535,-0.6389,0.4479
J.J. Spaun,2024,70.0,68.44,0.3317,-0.7829,-0.6351,-0.7639,0.4427,-0.0652,-0.2872,-0.2136,1.2661,0.4116,0.6123,-0.3688,1.4483,-0.5188,0.6122,0.9914,-1.3636
Trace Crowe,2024,70.5,69.74,-0.1,0.143,-0.3284,-0.6421,-1.1616,-0.152,-1.6096,-1.4263,-0.1442,-1.119,-0.4165,1.4106,0.0419,1.7986,-0.172,0.404,1.264
Chad Ramey,2024,70.5,68.97,0.1321,-0.9632,-0.8818,0.3426,0.6374,1.0609,-0.5481,-1.0332,-0.0164,-0.9161,-1.1148,1.5729,1.3388,0.2007,0.8556,-0.3392,1.6894
Zac Blair,2024,70.5,69.67,-0.1,-2.8389,-2.0487,0.5205,1.1419,1.23,-0.9188,-0.6667,-0.4153,-1.913,-1.5832,-0.1378,0.025,-1.2144,0.2471,-0.3992,-0.3488
Robby Shelton,2024,70.5,68.98,0.1726,-0.8069,-0.9277,-0.6141,0.3256,0.5538,-0.6045,-0.7367,-0.3293,-0.7766,-0.5631,0.1244,1.103,0.7969,1.1937,-0.7828,-0.0077
Max Greyserman,2024,70.5,69.05,-0.1,1.2251,0.9125,-0.5146,-0.9915,-1.1343,0.3858,-0.5035,-0.0693,0.4565,0.6058,0.1432,-0.236,-0.5585,0.5852,-0.2433,-0.2624
Ryan Moore,2024,70.5,69.06,-0.3022,-1.4442,-1.8812,0.9436,1.1136,1.2894,0.7386,-0.0204,0.3317,-0.9414,1.4836,0.4553,1.2462,-0.2445,1.1126,-0.591,-0.8886
Jimmy Stanger,2024,71.0,68.3,-0.1,1.0087,0.4877,0.0331,-0.4246,0.7411,0.2672,-0.9432,-0.2103,0.6779,0.3847,-0.9869,-0.2697,0.5505,-0.7265,1.3031,0.694
Roger Sloan,2024,71.0,69.81,-0.1865,-0.855,-0.5734,0.246,-0.5872,-1.1388,0.2198,-1.3697,-1.0962,-0.9317,-0.145,0.6614,0.8756,1.107,1.4101,-1.4541,-1.5385
Patrick Fishburn,2024,71.0,69.58,-0.1,1.0207,1.2121,-0.191,-0.281,-1.1571,-0.4384,-0.7067,2.2356,0.7393,1.0085,-2.7912,0.4545,-1.4449,-1.4702,0.2122,0.5105
Garrick Higgo,2024,71.0,69.13,0.2535,1.4175,1.1522,-1.1183,-1.2429,-0.803,0.0359,-0.197,0.1907,-0.1435,1.4376,-1.1243,-0.3287,0.7929,-0.429,0.5838,0.7351
Paul Barjon,2024,71.0,69.84,0.0117,1.3574,1.3514,-1.3887,-0.5928,-1.8949,-1.0789,-0.4835,2.3061,0.5072,0.1133,-2.0545,-1.3898,-0.4115,-1.7541,-0.4951,-0.7461
Ryan Brehm,2024,71.5,69.48,0.0114,0.8885,1.1363,-1.5259,-2.2614,-1.4358,-1.4969,-1.9827,0.0585,0.4662,-0.5215,0.4491,-0.1518,-0.5069,-0.172,-0.3632,0.3119
Camilo Villegas,2024,71.5,69.77,-0.1,-1.7688,-1.007,0.1241,0.7526,-1.0726,-0.0441,-1.0165,-2.1473,-1.0507,0.3081,0.1806,0.5472,-0.968,-0.8346,-1.4181,-0.0746
Ryan Palmer,2024,71.5,68.93,1.2279,0.3714,-0.6791,0.9772,0.2708,0.9262,-0.812,-0.9399,0.9796,0.832,0.3737,0.6863,1.4483,0.4749,0.8151,-1.0345,0.2903
Chandler Phillips,2024,72.0,69.13,-0.1,-0.2418,-0.7937,-0.2863,-0.3188,0.3117,-0.8654,1.169,0.5962,-0.3942,-0.9528,0.6738,-0.3202,0.785,1.3289,0.4519,0.5321
Vincent Norrman,2024,72.0,68.71,0.4557,1.4656,1.5083,-0.9909,0.0062,-0.3462,1.5599,-0.8433,0.4,0.5647,0.8028,-4.477,-0.2108,-1.7868,-2.7954,-1.55,-1.3895
Josh Teater,2024,72.5,69.56,-0.5091,-0.326,-0.7778,-0.191,-0.128,-0.9995,-0.5215,-1.6062,-3.9807,-1.119,0.4022,1.2233,0.5303,1.3693,0.3418,-0.4591,-0.1437
Scott Gutschewski,2024,73.0,70.53,-0.1159,-1.0113,-0.2861,-1.3284,-0.332,-2.6876,-2.7273,0.0729,1.4512,-1.7843,-2.89,0.7862,0.9346,0.1331,0.2066,2.0942,-1.4219
Ben Taylor,2024,73.0,70.03,-0.5951,-0.0734,0.2709,-2.6437,-1.0369,-1.9817,-1.5088,-0.6834,0.7967,-1.9316,-0.8149,1.0422,-0.3708,1.3136,-0.2261,0.5478,-0.0703
Kevin Streelman,2024,73.5,69.68,-0.1,-0.4823,-0.8025,-0.9782,0.8679,-0.7711,-0.6549,0.2162,0.6138,-1.119,-0.0728,1.935,-0.1097,-2.0611,0.4229,-1.3462,0.5494
