PLAYERS,Average Driving Distance,Ball Speed,Driving Accuracy,Distance From Edge of Fairway,Rough Tendency,GIR,Fairway Proximity,Approaches from > 200,Going for Green,GIR from Other than Fairway,Proximity from Sand (Short),Proximity from Rough (Short),Proximity from 30+,Proximity ATG,3-Putt Avoidance,Putting 5-15ft
Aaron Baddeley,281.4,167.87,0.5994,27.71,0.2716,0.6522,33.82,54.68,0.3548,0.5234,9.68,7.26,13.65,7.03,0.0133,0.4576
Aaron Rai,292.0,172.03,0.6744,22.05,0.2514,0.6915,33.69,52.82,0.5178,0.5461,13.06,8.5,12.7,8.14,0.0308,0.4038
Aaron Wise,301.4,172.89,0.6017,30.47,0.2646,0.6364,37.52,55.91,0.5489,0.4565,11.43,7.7,11.02,7.52,0.0152,0.5128
Adam Hadwin,293.1,169.47,0.6396,28.15,0.2491,0.669,35.06,58.6,0.5051,0.5292,9.13,8.4,11.8,8.17,0.0197,0.5134
Adam Long,289.8,166.18,0.6492,25.75,0.2307,0.6436,37.28,60.49,0.3651,0.5032,9.69,7.35,10.38,7.4,0.0248,0.4632
Adam Schenk,305.0,181.25,0.5426,29.57,0.3438,0.6575,35.21,54.03,0.472,0.5425,8.25,9.04,10.7,7.18,0.0332,0.4926
Adam Scott,308.2,181.05,0.5465,23.64,0.3325,0.6441,32.21,48.35,0.6855,0.5317,7.86,10.19,12.56,7.6,0.0208,0.5054
Adam Svensson,289.8,171.14,0.6155,24.2,0.2901,0.6606,32.66,49.19,0.5447,0.519,9.49,8.56,11.84,7.03,0.0295,0.5179
Akshay Bhatia,302.7,174.68,0.6145,30.13,0.2556,0.7022,31.86,48.43,0.5648,0.625,10.14,10.1,15.59,9.14,0.0278,0.4359
Alex Noren,300.6,173.87,0.5451,27.21,0.3069,0.6361,34.49,57.37,0.5096,0.4921,8.09,7.78,8.73,7.07,0.0167,0.5066
Alex Smalley,302.0,173.54,0.5803,25.62,0.2964,0.6828,33.58,55.82,0.4367,0.5531,8.81,9.04,13.41,7.56,0.026,0.476
Anders Albertson,294.1,174.06,0.5359,32.94,0.3803,0.594,36.69,59.61,0.3816,0.4762,10.01,8.27,10.48,7.47,0.0171,0.5351
Andrew Landry,286.4,164.03,0.6359,23.82,0.285,0.5983,35.6,59.23,0.3577,0.467,9.82,5.73,9.13,7.65,0.0242,0.4362
Andrew Novak,295.2,169.9,0.5732,30.46,0.2723,0.656,33.09,51.39,0.4345,0.5415,9.73,7.55,10.93,7.38,0.0225,0.4628
Andrew Putnam,284.6,166.43,0.6399,23.16,0.2706,0.6906,35.38,57.64,0.4125,0.5325,8.1,8.4,11.46,7.48,0.0154,0.5045
Augusto Núñez,309.1,179.19,0.5457,35.02,0.3205,0.6803,31.85,45.32,0.4671,0.6006,8.89,7.93,13.84,7.34,0.0377,0.4476
Austin Cook,282.4,163.95,0.6486,24.63,0.2719,0.6285,33.73,51.92,0.2326,0.4899,8.88,9.07,11.11,7.38,0.0349,0.4676
Austin Eckroat,299.0,170.1,0.6189,25.3,0.2973,0.6528,33.11,51.98,0.5055,0.5693,11.1,9.55,13.91,8.67,0.031,0.4326
Austin Smotherman,299.4,172.13,0.5992,32.43,0.2732,0.6255,31.09,48.72,0.4608,0.4849,9.9,7.88,14.7,7.63,0.0319,0.4903
Beau Hossler,305.0,173.92,0.5695,30.98,0.2853,0.6593,37.02,53.76,0.5333,0.573,9.47,8.06,11.91,7.29,0.0204,0.4807
Ben Griffin,301.7,176.11,0.5305,32.94,0.3467,0.6496,34.51,56.85,0.4508,0.565,7.66,8.34,12.01,7.01,0.0231,0.4836
Ben Martin,293.8,171.45,0.6318,27.31,0.2764,0.6829,33.29,56.42,0.4511,0.5952,9.03,8.17,11.95,7.97,0.0282,0.4606
Ben Taylor,302.7,177.81,0.5239,33.44,0.3621,0.6649,33.15,50.38,0.4292,0.549,12.07,9.06,12.19,8.58,0.0233,0.5132
Bill Haas,296.4,169.04,0.5775,30.1,0.284,0.6399,38.6,60.86,0.3088,0.5823,7.27,7.97,10.65,6.74,0.0412,0.473
Billy Horschel,294.9,171.45,0.625,25.48,0.239,0.6422,36.85,63.98,0.5546,0.5111,9.13,7.88,7.88,6.55,0.0327,0.4675
Brandon Matthews,321.0,189.12,0.475,44.64,0.3993,0.6481,34.25,51.64,0.5088,0.5689,10.45,8.0,10.71,7.93,0.0328,0.4259
Brandon Wu,294.2,170.53,0.619,26.17,0.3044,0.6718,33.76,54.39,0.4777,0.5249,10.42,9.16,13.69,7.9,0.0231,0.4424
Brendan Steele,306.3,176.41,0.6291,33.49,0.3026,0.7184,30.17,54.21,0.4495,0.5068,9.74,8.56,12.31,8.25,0.0268,0.4125
Brendon Todd,281.7,160.04,0.671,23.78,0.2387,0.6495,32.98,54.88,0.3289,0.4783,9.0,8.04,10.73,6.86,0.0182,0.5357
Brent Grant,309.4,181.05,0.6226,32.18,0.2995,0.6539,34.76,52.55,0.4145,0.5538,8.81,9.26,12.43,8.46,0.0509,0.4439
Brian Harman,294.0,166.37,0.6919,19.04,0.2189,0.6927,32.9,53.13,0.4897,0.566,6.49,8.94,12.23,6.7,0.0215,0.5122
Brian Stuard,270.6,157.0,0.6192,23.52,0.2994,0.5883,34.86,59.01,0.1654,0.4757,9.94,8.3,9.31,7.56,0.0185,0.4601
Brice Garnett,287.7,165.11,0.6165,28.51,0.2906,0.6771,33.03,56.53,0.3856,0.5176,10.02,8.0,12.35,7.84,0.0255,0.451
Byeong Hun An,313.4,179.23,0.5039,36.46,0.339,0.6282,34.04,56.43,0.5137,0.5303,7.51,7.92,10.95,6.65,0.0239,0.4487
Callum Tarren,307.1,183.99,0.4894,37.99,0.3483,0.6492,33.07,54.11,0.5025,0.5319,11.44,8.89,14.95,8.8,0.0251,0.471
Cam Davis,310.4,179.83,0.5268,34.02,0.2848,0.6499,30.77,50.42,0.6059,0.4947,9.11,9.62,14.56,8.3,0.0349,0.4929
Cameron Champ,315.8,190.36,0.5752,30.83,0.2557,0.6497,36.14,59.3,0.5448,0.4785,13.68,9.7,16.25,10.01,0.037,0.4531
Cameron Percy,286.4,166.77,0.6282,34.22,0.2605,0.6595,35.35,56.72,0.4333,0.538,8.17,8.06,9.09,7.26,0.0287,0.5294
Cameron Young,318.2,186.54,0.5714,32.02,0.2875,0.6705,30.78,52.97,0.6914,0.5568,9.25,9.64,14.28,7.81,0.0265,0.4979
Carl Yuan,305.2,178.12,0.5338,36.81,0.3443,0.6667,31.75,52.07,0.5379,0.5333,8.43,9.69,10.83,8.08,0.0361,0.4506
Carson Young,296.0,168.06,0.6281,25.64,0.2946,0.6688,33.15,52.95,0.3526,0.5495,10.1,7.86,9.95,7.83,0.0273,0.4677
Chad Ramey,289.5,167.32,0.6042,25.79,0.2838,0.6444,34.52,56.11,0.445,0.4934,13.31,9.49,13.66,8.42,0.0313,0.5122
Charley Hoffman,305.3,174.04,0.5362,30.3,0.3333,0.6667,31.09,47.79,0.4303,0.5417,8.59,7.31,11.46,6.91,0.0296,0.399
Chesson Hadley,296.7,171.79,0.5511,31.77,0.3021,0.6556,33.42,56.43,0.4785,0.5192,9.11,10.73,12.61,8.62,0.0278,0.4342
Chez Reavie,287.1,162.02,0.6729,19.43,0.2317,0.6733,32.61,52.04,0.414,0.5286,11.46,8.85,12.64,8.34,0.0333,0.4394
Chris Kirk,297.4,167.89,0.6071,24.84,0.2875,0.6567,32.83,56.93,0.5074,0.5292,7.12,7.8,10.43,6.76,0.0109,0.4771
Chris Stroud,289.6,165.42,0.6177,28.97,0.3293,0.6738,34.1,57.89,0.3953,0.5732,10.31,8.54,14.14,7.54,0.0287,0.4262
Christiaan Bezuidenhout,287.2,167.19,0.6344,26.32,0.2536,0.6461,31.41,57.75,0.377,0.453,10.01,7.86,12.89,7.34,0.0157,0.4706
Cody Gribble,299.0,174.53,0.6219,27.76,0.2756,0.6597,33.74,51.74,0.4468,0.5964,9.52,7.65,11.19,7.3,0.0347,0.4464
Cole Hammer,292.4,170.58,0.5622,28.08,0.3277,0.6131,32.69,50.66,0.4673,0.497,11.21,8.24,13.0,8.63,0.0397,0.4696
Collin Morikawa,293.1,170.52,0.699,20.55,0.2274,0.7103,31.84,52.49,0.528,0.5311,10.79,8.32,10.99,7.38,0.0317,0.4
Corey Conners,298.8,175.48,0.6056,21.01,0.2847,0.7029,32.62,54.95,0.6417,0.6063,10.48,8.4,13.59,8.37,0.0242,0.4332
Danny Lee,289.8,170.1,0.6064,29.03,0.2673,0.6765,32.2,55.54,0.4538,0.5351,10.92,10.74,18.53,9.1,0.0425,0.4575
Danny Willett,291.6,168.18,0.5796,29.36,0.2998,0.6321,32.9,49.27,0.3963,0.5417,6.43,7.38,11.14,6.5,0.0222,0.5169
David Lingmerth,276.9,159.82,0.6653,21.82,0.2505,0.6352,33.93,55.3,0.298,0.4919,7.0,7.91,9.64,7.22,0.022,0.4384
David Lipsky,290.6,164.4,0.6428,23.81,0.2767,0.6586,34.51,57.17,0.4439,0.4833,10.28,7.21,10.47,7.25,0.0364,0.4281
Davis Riley,300.4,175.09,0.5772,31.63,0.2643,0.6806,31.57,50.64,0.4048,0.5552,9.04,6.76,12.08,7.67,0.0357,0.4405
Davis Thompson,310.3,179.49,0.5719,28.84,0.3295,0.6516,32.5,51.1,0.6443,0.4755,9.69,9.63,12.92,7.67,0.0278,0.4486
Dean Burmester,311.6,184.29,0.5779,27.03,0.3249,0.7074,30.23,43.32,0.4188,0.5795,8.25,9.06,14.84,7.12,0.0259,0.4186
Denny McCarthy,295.0,169.77,0.603,26.59,0.2818,0.6649,34.74,60.75,0.4362,0.5308,10.93,7.94,11.51,7.13,0.0242,0.4924
Doc Redman,292.0,170.72,0.5736,28.04,0.3069,0.6462,33.4,55.37,0.3077,0.5112,11.3,8.2,14.39,8.57,0.0307,0.4381
Doug Ghim,294.6,170.17,0.6344,27.26,0.2708,0.6572,34.17,53.22,0.4689,0.5,10.11,7.78,10.63,7.69,0.0272,0.4369
Dylan Frittelli,305.1,176.52,0.4673,38.9,0.3721,0.5878,34.85,56.67,0.4053,0.4605,9.85,8.25,11.32,7.75,0.0278,0.4435
Dylan Wu,296.5,171.02,0.6189,30.2,0.2742,0.6973,33.59,52.92,0.4874,0.598,9.27,7.98,11.13,7.6,0.0259,0.4686
Emiliano Grillo,302.0,170.86,0.6175,28.67,0.2805,0.6838,32.85,56.28,0.5178,0.542,9.76,8.63,10.94,7.92,0.0256,0.4399
Eric Cole,297.2,172.56,0.5356,30.71,0.3389,0.6349,32.83,52.35,0.4695,0.5794,9.19,7.93,11.82,6.95,0.0139,0.5196
Erik Barnes,305.8,179.25,0.4923,37.26,0.378,0.6561,33.54,50.96,0.4483,0.5458,8.85,9.68,11.27,7.97,0.037,0.4879
Erik van Rooyen,300.5,174.67,0.5865,32.74,0.2769,0.6786,33.53,54.74,0.4924,0.5523,11.38,9.77,16.25,8.83,0.0344,0.4201
Francesco Molinari,290.1,166.89,0.6197,22.15,0.2425,0.6275,36.34,57.25,0.4924,0.4494,11.03,8.65,13.99,8.39,0.0343,0.4641
Garrick Higgo,304.8,179.47,0.5492,29.75,0.3105,0.6571,34.66,54.06,0.5439,0.5221,9.66,7.96,10.2,7.11,0.0364,0.4354
Gary Woodland,312.8,181.53,0.5989,28.28,0.2987,0.6889,31.36,46.85,0.6776,0.5559,11.02,10.16,17.65,8.85,0.0384,0.3894
Greyson Sigg,292.7,167.16,0.6025,27.21,0.2776,0.6667,33.58,57.5,0.4449,0.5245,9.24,8.52,12.78,7.75,0.0229,0.4497
Hank Lebioda,295.7,170.98,0.5824,27.47,0.2609,0.6734,33.46,54.03,0.2959,0.5632,10.28,9.25,14.67,7.66,0.0387,0.4646
Harris English,295.5,174.55,0.6071,32.52,0.2734,0.643,35.02,53.05,0.5251,0.5,10.32,8.02,11.21,7.55,0.0246,0.4877
Harrison Endycott,291.4,166.29,0.5926,30.03,0.3006,0.6362,35.38,54.91,0.4286,0.5104,9.61,7.46,11.46,7.09,0.0316,0.4939
Harry Hall,300.2,172.89,0.5493,41.68,0.3465,0.6628,33.85,54.52,0.4031,0.5263,9.43,8.05,10.95,7.31,0.0239,0.5246
Harry Higgs,301.2,171.24,0.5117,33.63,0.3201,0.6618,34.58,57.26,0.3287,0.5705,8.69,8.12,12.78,7.8,0.0181,0.4126
Hayden Buckley,305.1,173.95,0.6395,22.68,0.247,0.7041,32.23,53.44,0.53,0.6015,11.08,9.62,14.3,8.24,0.0267,0.4418
Henrik Norlander,292.2,171.25,0.6012,27.8,0.2877,0.6712,35.52,62.76,0.3457,0.5444,11.03,8.53,13.34,7.82,0.034,0.3812
Hideki Matsuyama,295.5,172.03,0.6044,23.64,0.2857,0.6498,33.26,56.41,0.5543,0.5118,9.28,8.96,10.74,7.17,0.0254,0.4727
J.J. Spaun,297.3,170.21,0.6243,23.07,0.2771,0.6924,32.98,57.12,0.527,0.5563,8.91,8.58,11.46,7.44,0.0237,0.4674
J.T. Poston,295.6,169.47,0.6329,28.96,0.2491,0.6889,32.49,55.6,0.5459,0.5642,8.87,8.84,11.23,7.51,0.0244,0.4317
James Hahn,296.5,170.78,0.6269,32.02,0.2837,0.654,35.5,58.06,0.4333,0.5556,10.08,8.04,13.75,8.0,0.029,0.4353
Jason Day,303.1,174.04,0.6264,29.02,0.2481,0.6889,34.43,54.48,0.6,0.55,9.7,7.06,11.41,7.12,0.0222,0.5208
Jason Dufner,296.9,171.06,0.5322,29.5,0.3165,0.6643,32.84,53.29,0.42,0.5934,7.71,8.07,12.19,7.07,0.0437,0.3886
Jim Herman,290.5,167.2,0.6287,23.51,0.2527,0.6531,34.3,54.64,0.3885,0.4906,13.23,9.12,16.78,8.85,0.0407,0.4128
Jimmy Walker,309.6,174.16,0.5102,39.89,0.3352,0.6111,34.48,53.4,0.4785,0.4727,9.46,7.34,10.31,7.1,0.029,0.4737
Joel Dahmen,291.3,168.04,0.6595,25.21,0.2477,0.6708,33.04,54.22,0.4721,0.5415,8.37,10.51,12.56,7.84,0.0267,0.3951
Jon Rahm,312.1,181.66,0.615,24.4,0.2863,0.7385,30.1,47.1,0.6848,0.6109,9.51,9.11,11.62,7.48,0.0271,0.4867
Jonathan Byrd,285.4,167.84,0.6054,31.13,0.2513,0.658,37.61,58.85,0.2614,0.5862,9.98,6.94,12.15,7.04,0.026,0.433
Jordan Spieth,303.2,177.13,0.5486,26.16,0.3161,0.6667,32.86,54.78,0.6587,0.566,8.56,7.86,9.91,7.11,0.0251,0.506
Joseph Bramlett,311.0,183.94,0.5146,33.21,0.3543,0.6909,31.78,49.94,0.5527,0.588,9.92,8.24,11.36,7.71,0.0332,0.4386
Justin Lower,292.3,167.68,0.5952,27.74,0.2799,0.6404,32.74,54.26,0.3727,0.5327,12.33,8.66,15.96,8.76,0.0244,0.5296
Justin Rose,292.8,171.68,0.6632,27.43,0.2293,0.6667,32.17,50.98,0.4384,0.5128,9.55,8.72,15.62,7.13,0.0317,0.4653
Justin Suh,294.4,173.88,0.6291,24.88,0.2809,0.6559,31.92,51.47,0.3644,0.511,10.02,9.2,13.51,8.16,0.0161,0.5263
Justin Thomas,306.7,176.19,0.5799,24.63,0.262,0.6574,33.74,56.88,0.6927,0.5506,7.86,7.73,11.72,6.98,0.0437,0.5096
K.H. Lee,298.5,173.17,0.6266,25.84,0.2723,0.6838,33.41,58.69,0.4905,0.5315,8.82,7.67,9.49,6.63,0.0202,0.4902
Keegan Bradley,299.5,172.37,0.6149,24.68,0.262,0.663,31.93,50.69,0.5902,0.4879,11.51,9.24,13.73,8.3,0.0157,0.4717
Keith Mitchell,311.5,177.35,0.6471,28.52,0.2315,0.6636,33.56,57.41,0.62,0.4792,9.85,9.11,13.12,7.61,0.0237,0.4935
Kelly Kraft,284.0,161.95,0.6384,24.94,0.2945,0.5799,36.61,60.0,0.3897,0.4683,10.54,8.94,13.28,8.35,0.023,0.5212
Kevin Chappell,302.5,174.62,0.5598,37.65,0.3496,0.6632,37.88,61.78,0.5,0.5949,11.02,8.12,14.61,8.15,0.0208,0.4474
Kevin Kisner,281.0,164.57,0.5627,27.76,0.2434,0.5638,38.47,58.47,0.39,0.4329,15.86,8.12,16.85,8.71,0.0288,0.4304
Kevin Roy,301.9,177.41,0.5748,29.2,0.3374,0.663,31.45,48.41,0.4444,0.563,9.85,9.35,10.46,7.59,0.0217,0.3824
Kevin Streelman,295.4,168.52,0.5918,24.34,0.3171,0.655,32.9,51.63,0.4177,0.5215,8.77,7.49,12.31,7.16,0.0278,0.4497
Kevin Tway,307.9,181.85,0.4908,35.12,0.3674,0.6507,35.23,49.42,0.4976,0.5361,11.21,9.92,13.4,8.27,0.0292,0.4368
Kevin Yu,307.9,180.72,0.6278,29.16,0.3082,0.7349,29.67,48.15,0.4773,0.6319,9.8,10.16,15.35,7.74,0.0302,0.4444
Kramer Hickok,297.8,169.94,0.6271,27.14,0.289,0.6601,33.9,57.48,0.4615,0.4924,8.37,9.23,12.56,7.18,0.0392,0.4444
Kurt Kitayama,306.2,182.36,0.5484,36.04,0.3,0.6623,30.76,47.91,0.5143,0.5378,8.13,8.38,10.62,7.31,0.0365,0.4802
Kyle Stanley,297.9,167.8,0.6056,23.41,0.279,0.6731,33.46,58.24,0.4524,0.5493,9.77,7.98,11.42,7.77,0.0427,0.3766
Kyle Westmoreland,311.8,186.58,0.4755,46.54,0.3893,0.6705,33.63,52.74,0.4295,0.6013,10.44,10.0,12.23,8.72,0.0349,0.4776
Lee Hodges,299.3,172.98,0.6024,24.29,0.2722,0.6357,35.13,55.98,0.5417,0.482,11.4,7.79,13.17,7.96,0.0255,0.4599
Lucas Glover,291.1,167.84,0.6595,21.52,0.2424,0.65,31.31,53.78,0.3483,0.5169,10.94,8.1,11.96,7.32,0.0433,0.4836
Lucas Herbert,300.0,180.4,0.5301,31.51,0.2924,0.5995,33.07,53.27,0.617,0.4231,12.41,8.4,15.6,7.8,0.0255,0.4741
Luke Donald,281.9,164.75,0.5418,29.97,0.3206,0.5956,33.11,56.31,0.2577,0.5157,9.38,9.36,9.82,6.68,0.0333,0.5252
Luke List,310.6,180.45,0.5327,29.95,0.3462,0.6845,33.16,52.42,0.6201,0.6181,10.46,9.64,13.5,8.28,0.0346,0.3657
MJ Daffue,307.0,180.57,0.555,29.27,0.3139,0.6621,33.05,52.21,0.55,0.5638,7.97,7.7,11.99,7.35,0.0346,0.4259
Mackenzie Hughes,298.4,174.63,0.5294,31.68,0.3721,0.6288,35.75,54.52,0.5536,0.4618,10.74,7.72,12.69,7.19,0.0189,0.5044
Mark Hubbard,289.3,170.07,0.6227,25.0,0.2717,0.6667,33.23,53.59,0.5217,0.5108,9.02,8.53,10.09,7.54,0.0197,0.4599
Martin Laird,292.3,170.01,0.5949,25.2,0.3033,0.6353,34.78,58.47,0.4317,0.4688,8.63,9.21,14.88,7.78,0.0362,0.413
Martin Trainer,305.2,177.23,0.5641,34.47,0.3756,0.6398,39.59,60.91,0.4186,0.5508,12.26,7.34,9.99,8.02,0.0323,0.4466
Matt Fitzpatrick,305.1,177.35,0.6012,24.66,0.2841,0.6577,34.89,53.04,0.6309,0.5604,11.2,8.75,13.69,7.97,0.0195,0.4972
Matt Kuchar,294.1,166.05,0.6232,22.18,0.2415,0.6704,36.03,62.34,0.4629,0.5907,7.57,7.64,10.66,6.72,0.0222,0.5119
Matt NeSmith,291.9,171.4,0.6012,25.34,0.282,0.6655,33.02,51.14,0.49,0.5259,9.8,7.97,15.36,8.06,0.0283,0.4586
Matt Wallace,302.4,174.99,0.5522,34.04,0.3092,0.6486,33.89,53.22,0.5094,0.5018,10.69,7.11,13.65,7.33,0.0362,0.4807
Matthias Schwab,291.7,171.3,0.6118,30.39,0.2827,0.633,36.81,62.35,0.47,0.497,8.71,8.89,11.39,7.13,0.0264,0.3975
Matti Schmid,316.1,182.34,0.5659,37.78,0.3094,0.6504,34.03,50.96,0.4361,0.5344,9.85,9.53,9.18,8.15,0.0285,0.4524
Maverick McNealy,301.3,177.35,0.5507,35.46,0.2851,0.6371,35.01,53.32,0.4754,0.4965,9.24,10.51,15.3,7.82,0.0083,0.594
Max Homa,302.2,177.31,0.6188,25.62,0.2474,0.6715,30.96,50.64,0.6561,0.5061,8.63,8.28,13.29,7.36,0.0217,0.5076
Max McGreevy,286.3,165.72,0.5663,30.86,0.348,0.5854,37.41,61.72,0.3807,0.4444,7.76,8.35,13.21,7.65,0.0319,0.4213
Michael Gligic,303.4,175.97,0.5487,36.21,0.3343,0.6328,34.54,52.57,0.4706,0.5373,10.56,8.72,12.34,8.42,0.0312,0.3696
Michael Kim,302.5,172.46,0.5783,32.18,0.2922,0.6803,33.72,56.4,0.4103,0.6073,9.98,7.61,12.62,7.23,0.0224,0.4389
Michael Thompson,289.3,164.14,0.639,24.51,0.2623,0.6407,34.54,51.84,0.4973,0.5088,9.77,7.23,13.77,7.49,0.0235,0.459
Nate Lashley,294.6,167.11,0.6073,26.85,0.2609,0.677,31.61,52.99,0.435,0.5497,9.69,10.43,11.7,7.98,0.0141,0.4231
Nick Hardy,304.3,177.2,0.5674,30.8,0.3034,0.6858,31.84,47.65,0.519,0.5457,10.86,9.47,14.04,8.31,0.0239,0.3958
Nick Taylor,292.6,169.8,0.5872,24.43,0.2973,0.6515,32.5,55.1,0.4554,0.5492,9.55,7.84,11.01,7.17,0.0192,0.4772
Nick Watney,296.9,178.35,0.4647,41.02,0.3915,0.6124,33.87,54.22,0.3374,0.4939,10.01,8.49,10.05,7.77,0.0202,0.4213
Nico Echavarria,300.3,169.54,0.5717,29.04,0.2903,0.6292,34.73,57.63,0.463,0.5368,9.25,10.45,15.37,8.86,0.0121,0.4977
Patrick Cantlay,308.1,176.56,0.6623,22.49,0.2639,0.7047,32.46,50.47,0.7613,0.5912,9.65,7.53,8.88,6.75,0.0263,0.5283
Patrick Rodgers,306.9,177.71,0.538,28.4,0.3701,0.6581,34.63,57.14,0.506,0.5327,8.54,9.47,13.95,7.63,0.0214,0.4947
Patton Kizzire,301.2,172.21,0.5568,34.58,0.3017,0.6186,32.66,49.96,0.4641,0.4781,10.65,8.33,15.32,8.12,0.0214,0.4653
Paul Haley II,282.6,162.78,0.637,29.9,0.2927,0.6442,32.83,51.16,0.289,0.5134,8.48,9.67,11.79,7.59,0.0342,0.4939
Peter Malnati,293.5,170.69,0.5022,32.38,0.3565,0.5941,36.11,61.55,0.4063,0.4881,9.76,7.75,10.22,7.28,0.0215,0.5079
Philip Knowles,288.5,166.53,0.6293,23.12,0.309,0.6533,32.84,56.64,0.2826,0.4729,14.06,13.48,9.17,9.15,0.0311,0.5
Richy Werenski,297.6,170.93,0.5448,30.12,0.3289,0.6057,34.69,50.68,0.4686,0.5,9.65,9.51,12.16,8.03,0.024,0.4852
Rickie Fowler,306.6,175.25,0.5833,29.88,0.2601,0.6878,33.16,59.96,0.5673,0.5414,11.62,7.07,10.13,7.46,0.0189,0.4417
Robby Shelton,290.8,169.88,0.586,30.29,0.3171,0.6491,31.56,51.62,0.431,0.5291,8.3,7.75,11.69,6.89,0.0222,0.443
Robert Streb,294.8,173.72,0.5185,30.86,0.3478,0.6154,34.4,54.8,0.3611,0.5249,12.7,8.55,13.52,8.23,0.0242,0.3743
Rory McIlroy,328.2,184.27,0.5089,28.61,0.3311,0.6296,31.21,49.15,0.766,0.4606,8.22,7.01,13.79,6.5,0.0185,0.4297
Rory Sabbatini,281.6,165.36,0.5373,32.41,0.31,0.5907,36.79,55.68,0.3186,0.4375,8.68,7.0,13.45,7.15,0.0352,0.4698
Russell Henley,287.3,167.85,0.742,19.65,0.2,0.6806,33.05,59.67,0.3733,0.4483,8.48,6.73,9.18,6.49,0.025,0.425
Russell Knox,282.8,165.97,0.6126,28.47,0.302,0.6891,29.88,54.54,0.2723,0.5181,11.1,7.33,13.27,7.73,0.0305,0.403
Ryan Armour,282.6,159.9,0.6882,23.14,0.224,0.6746,30.74,50.67,0.2374,0.5436,10.12,11.11,11.04,8.53,0.0188,0.4046
Ryan Brehm,306.2,181.84,0.4763,34.85,0.3919,0.6011,35.52,57.42,0.5054,0.5123,10.93,10.02,13.72,8.87,0.0356,0.4624
Ryan Gerard,301.1,170.81,0.5915,26.37,0.2614,0.6273,35.16,57.52,0.6301,0.5522,14.5,6.96,13.28,7.3,0.0301,0.4341
Ryan Moore,283.6,159.59,0.6846,22.12,0.2475,0.6425,32.34,54.66,0.3356,0.4588,8.8,8.01,9.64,7.44,0.0242,0.4897
Ryan Palmer,302.0,171.28,0.5814,24.25,0.259,0.6463,34.14,52.19,0.5535,0.4937,8.04,9.7,11.47,8.67,0.0352,0.4259
S.H. Kim,304.8,175.46,0.5593,28.7,0.3131,0.6304,34.46,56.49,0.5515,0.519,7.11,8.45,12.21,7.46,0.0274,0.5182
S.Y. Noh,301.6,175.14,0.5438,35.7,0.3145,0.6553,33.6,53.23,0.287,0.5306,9.42,11.14,12.85,8.71,0.0199,0.4741
Sahith Theegala,302.7,175.35,0.5509,31.26,0.3145,0.6676,34.58,55.81,0.6214,0.5361,8.49,9.75,14.48,7.95,0.0206,0.4645
Sam Burns,308.5,179.27,0.584,32.42,0.3138,0.6395,35.06,56.93,0.6761,0.476,8.84,7.94,10.33,7.0,0.0233,0.5103
Sam Ryder,293.2,170.2,0.5418,30.01,0.3227,0.6287,32.13,53.7,0.3921,0.489,12.07,8.06,11.54,7.81,0.0088,0.5545
Sam Stevens,307.8,177.19,0.5576,28.75,0.3326,0.6816,31.98,51.41,0.4335,0.6082,9.09,9.61,14.81,7.61,0.0235,0.442
Satoshi Kodaira,284.8,162.0,0.6992,24.04,0.1862,0.6605,31.65,49.47,0.3084,0.4865,9.57,8.2,9.62,7.96,0.0432,0.4058
Scott Brown,288.5,168.68,0.634,30.2,0.2764,0.6311,37.49,54.16,0.2,0.5118,9.31,7.73,16.05,7.78,0.0356,0.4032
Scott Harrington,305.9,179.12,0.5102,36.21,0.3421,0.6473,35.73,57.22,0.4786,0.5705,6.9,9.16,14.71,7.81,0.0362,0.3626
Scott Piercy,292.8,167.57,0.5504,29.16,0.3333,0.637,33.91,56.27,0.3881,0.5346,9.71,8.49,10.35,7.07,0.0335,0.4672
Scott Stallings,298.3,174.55,0.5661,30.2,0.3088,0.6461,33.9,52.42,0.5111,0.4946,6.87,9.82,16.08,8.26,0.0302,0.4891
Scottie Scheffler,308.3,177.91,0.6542,25.34,0.2516,0.7399,32.44,57.5,0.6686,0.5962,12.16,6.64,11.16,6.92,0.0114,0.4558
Seamus Power,298.7,176.82,0.5903,24.33,0.2881,0.6584,35.97,60.67,0.4976,0.5949,9.4,9.03,10.43,7.77,0.0175,0.4893
Sean O'Hair,287.7,169.01,0.6286,25.98,0.2593,0.6587,36.99,53.28,0.274,0.5874,8.84,6.06,14.14,7.08,0.0317,0.4306
Sepp Straka,295.7,169.87,0.6284,27.4,0.2554,0.6748,33.1,56.31,0.4918,0.5181,10.89,8.49,11.42,7.67,0.0231,0.5331
Shane Lowry,302.1,174.29,0.6719,27.74,0.2097,0.6719,33.18,53.18,0.6727,0.5646,8.12,8.52,14.48,7.56,0.0226,0.3864
Si Woo Kim,295.4,167.52,0.6662,22.06,0.2188,0.6716,31.48,53.83,0.5905,0.4826,7.76,8.87,11.45,7.3,0.0268,0.454
Stephan Jaeger,303.9,175.66,0.5463,30.12,0.3346,0.7003,32.9,51.36,0.6063,0.5874,8.18,8.03,11.0,7.21,0.0286,0.4432
Stewart Cink,308.4,174.94,0.5164,33.03,0.3583,0.6553,33.36,57.89,0.514,0.5254,10.92,9.68,10.75,8.4,0.0253,0.4201
Sung Kang,292.3,171.34,0.5187,33.78,0.2868,0.6422,33.85,45.68,0.3175,0.509,8.81,11.19,6.42,8.31,0.0156,0.4091
Sungjae Im,297.7,172.41,0.6589,21.37,0.2432,0.6791,33.64,52.67,0.6906,0.5162,7.3,9.1,11.85,6.83,0.0249,0.481
Tano Goya,301.7,175.24,0.5863,30.37,0.3191,0.6584,35.17,53.0,0.4833,0.5793,9.2,8.83,13.76,7.87,0.0391,0.4675
Taylor Montgomery,305.0,177.49,0.5407,29.87,0.3249,0.6194,34.44,53.67,0.5104,0.4922,10.4,8.01,10.21,7.44,0.0213,0.5988
Taylor Moore,302.7,176.24,0.5786,27.2,0.2923,0.6517,33.84,52.22,0.5248,0.545,10.53,8.48,14.06,7.93,0.0265,0.5455
Taylor Pendrith,307.2,179.93,0.5296,28.55,0.3198,0.6818,33.07,54.8,0.5672,0.5698,10.76,8.99,13.11,8.32,0.0273,0.4585
Thomas Detry,306.4,178.11,0.5695,31.13,0.3219,0.6509,32.42,54.22,0.4513,0.5266,10.19,8.36,13.55,7.75,0.0157,0.435
Tom Hoge,294.3,170.55,0.6437,21.78,0.2473,0.6976,29.64,48.7,0.478,0.5637,10.22,9.61,11.37,7.43,0.0235,0.4792
Tom Kim,297.5,167.98,0.7009,21.43,0.221,0.7025,31.36,52.14,0.5864,0.5522,9.71,6.98,11.11,6.53,0.0243,0.456
Tommy Fleetwood,299.9,174.72,0.6011,28.99,0.247,0.6257,34.84,55.63,0.6357,0.4689,7.6,7.58,10.49,6.84,0.0249,0.505
Tony Finau,304.5,177.3,0.6221,28.4,0.258,0.6989,31.28,49.88,0.6219,0.5437,7.52,7.43,8.89,6.38,0.0244,0.4908
Trevor Cone,315.4,182.17,0.5189,39.12,0.396,0.678,34.27,50.96,0.5,0.5753,10.77,9.12,15.28,8.52,0.0391,0.4562
Trevor Werbylo,302.1,176.67,0.494,35.02,0.3673,0.6348,35.73,57.83,0.435,0.5544,9.76,8.74,12.46,8.1,0.0216,0.4492
Trey Mullinax,311.1,182.64,0.4649,39.06,0.3849,0.6253,33.34,52.28,0.5707,0.5043,9.7,8.22,13.69,7.96,0.0343,0.4252
Troy Merritt,289.5,166.0,0.6279,24.99,0.262,0.6075,33.27,53.63,0.3523,0.4979,10.48,9.17,14.0,8.01,0.0362,0.487
Tyler Duncan,296.2,168.76,0.6506,24.35,0.2653,0.6741,33.68,52.63,0.4892,0.5296,11.11,10.08,14.4,8.66,0.0417,0.4393
Tyrrell Hatton,304.4,174.09,0.6402,23.37,0.222,0.6564,33.66,56.97,0.617,0.5579,8.19,9.43,14.67,7.17,0.0219,0.4822
Tyson Alexander,297.3,174.16,0.5363,33.06,0.3592,0.6289,33.91,52.08,0.4365,0.5369,9.54,8.51,11.01,7.58,0.022,0.4394
Viktor Hovland,305.6,177.83,0.6453,24.52,0.2563,0.6725,31.83,51.48,0.6471,0.542,10.42,7.7,10.09,7.64,0.0313,0.418
Vincent Norrman,310.4,182.15,0.5538,36.2,0.3258,0.6802,32.98,51.29,0.507,0.5468,11.32,8.72,13.4,8.0,0.0432,0.4541
Webb Simpson,297.8,171.35,0.6179,28.56,0.2251,0.6066,33.58,51.22,0.507,0.4745,9.31,7.58,8.72,7.13,0.0345,0.4737
Will Gordon,310.3,183.88,0.6023,27.95,0.2968,0.709,33.15,52.88,0.5768,0.5896,9.14,8.53,11.64,8.0,0.0256,0.4383
William McGirt,278.2,162.02,0.6646,27.25,0.2788,0.6256,34.67,51.59,0.2969,0.4766,6.43,6.47,8.11,6.51,0.0242,0.4861
Wyndham Clark,312.7,185.93,0.5353,34.8,0.3298,0.6838,31.59,51.22,0.5573,0.5839,9.17,7.94,10.77,7.07,0.0237,0.4828
Xander Schauffele,301.6,178.64,0.5814,27.41,0.2864,0.6951,32.11,53.51,0.5987,0.5272,7.96,7.99,9.91,6.73,0.023,0.505
Zac Blair,278.3,164.43,0.6678,22.71,0.2872,0.627,33.5,56.05,0.3205,0.4663,7.52,7.39,9.39,6.84,0.0304,0.4689
Zach Johnson,291.8,163.55,0.6711,25.04,0.2535,0.6389,34.45,54.08,0.3719,0.5202,10.87,6.98,14.44,7.77,0.0234,0.4778
Zecheng Dou,303.6,176.36,0.5407,29.68,0.3573,0.6481,32.58,53.0,0.484,0.4907,11.58,10.53,10.63,8.14,0.0349,0.4195
